{"samples":100000,"simulations":[{"t1":0.005951,"w1":0.00294897,"x1":0.00300203,"nq1":0.389312,"t2":0.00147042,"w2":0.00121442,"x2":0.000256,"nq2":0.0273228,"jitterE":0.0159986,"jitterV":5.52074e-06},{"t1":0.00579983,"w1":0.00276761,"x1":0.00303222,"nq1":0.364803,"t2":0.00146837,"w2":0.00121237,"x2":0.000256,"nq2":0.0266142,"jitterE":0.0160032,"jitterV":5.56622e-06,"confidenceInterval":{"t1":{"lesser":0.0056547,"mean":0.00587542,"upper":0.00609613,"percentage":7.5131},"w1":{"lesser":0.00259351,"mean":0.00285829,"upper":0.00312308,"percentage":18.5274},"x1":{"lesser":0.00297305,"mean":0.00301712,"upper":0.00306119,"percentage":2.92143},"nq1":{"lesser":0.341275,"mean":0.377057,"upper":0.41284,"percentage":18.98},"t2":{"lesser":0.00146641,"mean":0.00146939,"upper":0.00147238,"percentage":0.406221},"w2":{"lesser":0.00121041,"mean":0.00121339,"upper":0.00121638,"percentage":0.491925},"nq2":{"lesser":0.0259339,"mean":0.0269685,"upper":0.0280032,"percentage":7.67294},"jitterMean":{"lesser":0.0159941,"mean":0.0160009,"upper":0.0160076,"percentage":0.0843624},"jitterVariance":{"lesser":5.47709e-06,"mean":5.54348e-06,"upper":5.60988e-06,"percentage":2.39547}}},{"t1":0.00578454,"w1":0.00275388,"x1":0.00303066,"nq1":0.36352,"t2":0.00148432,"w2":0.00122832,"x2":0.000256,"nq2":0.0269033,"jitterE":0.0160017,"jitterV":5.59235e-06,"confidenceInterval":{"t1":{"lesser":0.00572013,"mean":0.00584512,"upper":0.00597012,"percentage":4.277},"w1":{"lesser":0.00267557,"mean":0.00282349,"upper":0.00297142,"percentage":10.4781},"x1":{"lesser":0.00299855,"mean":0.00302163,"upper":0.00304472,"percentage":1.52823},"nq1":{"lesser":0.352799,"mean":0.372545,"upper":0.39229,"percentage":10.6003},"t2":{"lesser":0.00146258,"mean":0.00147437,"upper":0.00148616,"percentage":1.59929},"w2":{"lesser":0.00120658,"mean":0.00121837,"upper":0.00123016,"percentage":1.93533},"nq2":{"lesser":0.0264627,"mean":0.0269468,"upper":0.0274309,"percentage":3.59274},"jitterMean":{"lesser":0.0159979,"mean":0.0160012,"upper":0.0160044,"percentage":0.0401476},"jitterVariance":{"lesser":5.51054e-06,"mean":5.55977e-06,"upper":5.609e-06,"percentage":1.77091}}},{"t1":0.00576129,"w1":0.00276212,"x1":0.00299918,"nq1":0.368635,"t2":0.00148047,"w2":0.00122447,"x2":0.000256,"nq2":0.0266823,"jitterE":0.0159987,"jitterV":5.58578e-06,"confidenceInterval":{"t1":{"lesser":0.00573246,"mean":0.00582417,"upper":0.00591587,"percentage":3.14919},"w1":{"lesser":0.00270789,"mean":0.00280815,"upper":0.00290841,"percentage":7.14072},"x1":{"lesser":0.00299699,"mean":0.00301602,"upper":0.00303505,"percentage":1.26187},"nq1":{"lesser":0.358746,"mean":0.371567,"upper":0.384389,"percentage":6.90121},"t2":{"lesser":0.00146767,"mean":0.00147589,"upper":0.00148412,"percentage":1.1143},"w2":{"lesser":0.00121167,"mean":0.00121989,"upper":0.00122812,"percentage":1.34815},"nq2":{"lesser":0.02654,"mean":0.0268807,"upper":0.0272213,"percentage":2.53475},"jitterMean":{"lesser":0.0159981,"mean":0.0160005,"upper":0.016003,"percentage":0.0305935},"jitterVariance":{"lesser":5.53182e-06,"mean":5.56628e-06,"upper":5.60073e-06,"percentage":1.23793}}},{"t1":0.00578735,"w1":0.00278261,"x1":0.00300474,"nq1":0.367557,"t2":0.00147379,"w2":0.00121779,"x2":0.000256,"nq2":0.0263117,"jitterE":0.0160038,"jitterV":5.49102e-06,"confidenceInterval":{"t1":{"lesser":0.00574805,"mean":0.0058168,"upper":0.00588556,"percentage":2.36411},"w1":{"lesser":0.00272892,"mean":0.00280304,"upper":0.00287716,"percentage":5.28838},"x1":{"lesser":0.00299911,"mean":0.00301376,"upper":0.00302842,"percentage":0.972499},"nq1":{"lesser":0.361241,"mean":0.370765,"upper":0.38029,"percentage":5.13772},"t2":{"lesser":0.00146939,"mean":0.00147547,"upper":0.00148155,"percentage":0.824011},"w2":{"lesser":0.00121339,"mean":0.00121947,"upper":0.00122555,"percentage":0.996992},"nq2":{"lesser":0.0264281,"mean":0.0267669,"upper":0.0271057,"percentage":2.53144},"jitterMean":{"lesser":0.015999,"mean":0.0160012,"upper":0.0160034,"percentage":0.0276632},"jitterVariance":{"lesser":5.51178e-06,"mean":5.55123e-06,"upper":5.59067e-06,"percentage":1.42112}}}],"confidenceInterval":{"t1":{"lesser":0.00574805,"mean":0.0058168,"upper":0.00588556,"percentage":2.36411},"w1":{"lesser":0.00272892,"mean":0.00280304,"upper":0.00287716,"percentage":5.28838},"x1":{"lesser":0.00299911,"mean":0.00301376,"upper":0.00302842,"percentage":0.972499},"nq1":{"lesser":0.361241,"mean":0.370765,"upper":0.38029,"percentage":5.13772},"t2":{"lesser":0.00146939,"mean":0.00147547,"upper":0.00148155,"percentage":0.824011},"w2":{"lesser":0.00121339,"mean":0.00121947,"upper":0.00122555,"percentage":0.996992},"nq2":{"lesser":0.0264281,"mean":0.0267669,"upper":0.0271057,"percentage":2.53144},"jitterMean":{"lesser":0.015999,"mean":0.0160012,"upper":0.0160034,"percentage":0.0276632},"jitterVariance":{"lesser":5.51178e-06,"mean":5.55123e-06,"upper":5.59067e-06,"percentage":1.42112}}}
