{"samples":100000,"simulations":[{"t1":0.00395485,"w1":0.00094692,"x1":0.00300793,"nq1":0.0635945,"t2":0.00088091,"w2":0.00062491,"x2":0.000256,"nq2":0.0134517,"jitterE":0.0159969,"jitterV":3.60182e-06},{"t1":0.00399519,"w1":0.000961619,"x1":0.00303357,"nq1":0.0628385,"t2":0.000871021,"w2":0.000615021,"x2":0.000256,"nq2":0.0134926,"jitterE":0.015999,"jitterV":3.51517e-06,"confidenceInterval":{"t1":{"lesser":0.00391613,"mean":0.00397502,"upper":0.00403391,"percentage":2.96304},"w1":{"lesser":0.000932808,"mean":0.000954269,"upper":0.00097573,"percentage":4.49786},"x1":{"lesser":0.00298332,"mean":0.00302075,"upper":0.00305818,"percentage":2.47819},"nq1":{"lesser":0.0621129,"mean":0.0632165,"upper":0.0643201,"percentage":3.49162},"t2":{"lesser":0.000861528,"mean":0.000875966,"upper":0.000890404,"percentage":3.29648},"w2":{"lesser":0.000605528,"mean":0.000619966,"upper":0.000634404,"percentage":4.65769},"nq2":{"lesser":0.0134123,"mean":0.0134722,"upper":0.013532,"percentage":0.888186},"jitterMean":{"lesser":0.0159949,"mean":0.0159979,"upper":0.016001,"percentage":0.0384094},"jitterVariance":{"lesser":3.43199e-06,"mean":3.5585e-06,"upper":3.685e-06,"percentage":7.11015}}},{"t1":0.00391065,"w1":0.000911917,"x1":0.00299874,"nq1":0.0593653,"t2":0.000862217,"w2":0.000606217,"x2":0.000256,"nq2":0.0130917,"jitterE":0.0160012,"jitterV":3.48172e-06,"confidenceInterval":{"t1":{"lesser":0.00389612,"mean":0.00395357,"upper":0.00401101,"percentage":2.90584},"w1":{"lesser":0.000905466,"mean":0.000940152,"upper":0.000974838,"percentage":7.37882},"x1":{"lesser":0.00298889,"mean":0.00301341,"upper":0.00303794,"percentage":1.62771},"nq1":{"lesser":0.0588688,"mean":0.0619328,"upper":0.0649967,"percentage":9.89457},"t2":{"lesser":0.000858679,"mean":0.000871383,"upper":0.000884087,"percentage":2.91589},"w2":{"lesser":0.000602679,"mean":0.000615383,"upper":0.000628087,"percentage":4.1289},"nq2":{"lesser":0.0130456,"mean":0.0133453,"upper":0.0136451,"percentage":4.49183},"jitterMean":{"lesser":0.0159961,"mean":0.015999,"upper":0.016002,"percentage":0.0368597},"jitterVariance":{"lesser":3.4487e-06,"mean":3.5329e-06,"upper":3.61711e-06,"percentage":4.76702}}},{"t1":0.00387064,"w1":0.000892618,"x1":0.00297802,"nq1":0.0583024,"t2":0.000843746,"w2":0.000587746,"x2":0.000256,"nq2":0.0128444,"jitterE":0.0160034,"jitterV":3.45549e-06,"confidenceInterval":{"t1":{"lesser":0.00387532,"mean":0.00393284,"upper":0.00399035,"percentage":2.92485},"w1":{"lesser":0.000894567,"mean":0.000928269,"upper":0.00096197,"percentage":7.26106},"x1":{"lesser":0.00298002,"mean":0.00300457,"upper":0.00302912,"percentage":1.63417},"nq1":{"lesser":0.0582688,"mean":0.0610252,"upper":0.0637816,"percentage":9.03366},"t2":{"lesser":0.000847644,"mean":0.000864474,"upper":0.000881303,"percentage":3.89364},"w2":{"lesser":0.000591644,"mean":0.000608474,"upper":0.000625303,"percentage":5.53179},"nq2":{"lesser":0.0128912,"mean":0.0132201,"upper":0.013549,"percentage":4.97532},"jitterMean":{"lesser":0.0159971,"mean":0.0160001,"upper":0.0160031,"percentage":0.0375633},"jitterVariance":{"lesser":3.44563e-06,"mean":3.51355e-06,"upper":3.58147e-06,"percentage":3.86616}}},{"t1":0.00390608,"w1":0.000940788,"x1":0.00296529,"nq1":0.0614399,"t2":0.000844029,"w2":0.000588029,"x2":0.000256,"nq2":0.0126531,"jitterE":0.0159969,"jitterV":3.44241e-06,"confidenceInterval":{"t1":{"lesser":0.00388402,"mean":0.00392748,"upper":0.00397095,"percentage":2.21334},"w1":{"lesser":0.00090559,"mean":0.000930772,"upper":0.000955955,"percentage":5.41116},"x1":{"lesser":0.00297276,"mean":0.00299671,"upper":0.00302066,"percentage":1.59827},"nq1":{"lesser":0.0590833,"mean":0.0611081,"upper":0.063133,"percentage":6.62707},"t2":{"lesser":0.000845563,"mean":0.000860385,"upper":0.000875207,"percentage":3.44539},"w2":{"lesser":0.000589563,"mean":0.000604385,"upper":0.000619207,"percentage":4.90475},"nq2":{"lesser":0.0127748,"mean":0.0131067,"upper":0.0134386,"percentage":5.065},"jitterMean":{"lesser":0.0159969,"mean":0.0159995,"upper":0.016002,"percentage":0.0318333},"jitterVariance":{"lesser":3.44193e-06,"mean":3.49932e-06,"upper":3.55672e-06,"percentage":3.2804}}}],"confidenceInterval":{"t1":{"lesser":0.00388402,"mean":0.00392748,"upper":0.00397095,"percentage":2.21334},"w1":{"lesser":0.00090559,"mean":0.000930772,"upper":0.000955955,"percentage":5.41116},"x1":{"lesser":0.00297276,"mean":0.00299671,"upper":0.00302066,"percentage":1.59827},"nq1":{"lesser":0.0590833,"mean":0.0611081,"upper":0.063133,"percentage":6.62707},"t2":{"lesser":0.000845563,"mean":0.000860385,"upper":0.000875207,"percentage":3.44539},"w2":{"lesser":0.000589563,"mean":0.000604385,"upper":0.000619207,"percentage":4.90475},"nq2":{"lesser":0.0127748,"mean":0.0131067,"upper":0.0134386,"percentage":5.065},"jitterMean":{"lesser":0.0159969,"mean":0.0159995,"upper":0.016002,"percentage":0.0318333},"jitterVariance":{"lesser":3.44193e-06,"mean":3.49932e-06,"upper":3.55672e-06,"percentage":3.2804}}}
