{"samples":50000,"simulations":[{"t1":0.00336752,"w1":0.000423053,"x1":0.00294447,"nq1":0.0138182,"t2":0.000577889,"w2":0.000321889,"x2":0.000256,"nq2":0.00712117,"jitterE":0.0160002,"jitterV":2.02506e-06},{"t1":0.003476,"w1":0.000477111,"x1":0.00299889,"nq1":0.0162011,"t2":0.000566861,"w2":0.000310861,"x2":0.000256,"nq2":0.00666917,"jitterE":0.0159999,"jitterV":1.89742e-06,"confidenceInterval":{"t1":{"lesser":0.00326337,"mean":0.00342176,"upper":0.00358015,"percentage":9.25763},"w1":{"lesser":0.000371156,"mean":0.000450082,"upper":0.000529008,"percentage":35.0716},"x1":{"lesser":0.00289222,"mean":0.00297168,"upper":0.00305114,"percentage":5.34792},"nq1":{"lesser":0.0115307,"mean":0.0150097,"upper":0.0184887,"percentage":46.3566},"t2":{"lesser":0.000556274,"mean":0.000572375,"upper":0.000588475,"percentage":5.62587},"w2":{"lesser":0.000300274,"mean":0.000316375,"upper":0.000332475,"percentage":10.1781},"nq2":{"lesser":0.00623526,"mean":0.00689517,"upper":0.00755508,"percentage":19.1413},"jitterMean":{"lesser":0.0159996,"mean":0.016,"upper":0.0160004,"percentage":0.00525869},"jitterVariance":{"lesser":1.7749e-06,"mean":1.96124e-06,"upper":2.14758e-06,"percentage":19.0025}}},{"t1":0.0033631,"w1":0.000421027,"x1":0.00294207,"nq1":0.0137323,"t2":0.00056421,"w2":0.00030821,"x2":0.000256,"nq2":0.00670093,"jitterE":0.0159997,"jitterV":1.89962e-06,"confidenceInterval":{"t1":{"lesser":0.00331533,"mean":0.00340221,"upper":0.00348908,"percentage":5.10689},"w1":{"lesser":0.000397181,"mean":0.000440397,"upper":0.000483613,"percentage":19.626},"x1":{"lesser":0.00291815,"mean":0.00296181,"upper":0.00300547,"percentage":2.94803},"nq1":{"lesser":0.0126803,"mean":0.0145839,"upper":0.0164875,"percentage":26.1053},"t2":{"lesser":0.000559798,"mean":0.000569653,"upper":0.000579508,"percentage":3.45991},"w2":{"lesser":0.000303798,"mean":0.000313653,"upper":0.000323508,"percentage":6.28384},"nq2":{"lesser":0.00648768,"mean":0.00683042,"upper":0.00717316,"percentage":10.0357},"jitterMean":{"lesser":0.0159996,"mean":0.0159999,"upper":0.0160002,"percentage":0.00398388},"jitterVariance":{"lesser":1.84145e-06,"mean":1.9407e-06,"upper":2.03996e-06,"percentage":10.2287}}},{"t1":0.00354765,"w1":0.000495125,"x1":0.00305252,"nq1":0.0170656,"t2":0.00059738,"w2":0.00034138,"x2":0.000256,"nq2":0.00754926,"jitterE":0.0159996,"jitterV":2.08799e-06,"confidenceInterval":{"t1":{"lesser":0.00334313,"mean":0.00343857,"upper":0.003534,"percentage":5.55064},"w1":{"lesser":0.00041386,"mean":0.000454079,"upper":0.000494298,"percentage":17.7144},"x1":{"lesser":0.00292863,"mean":0.00298449,"upper":0.00304034,"percentage":3.74314},"nq1":{"lesser":0.0134051,"mean":0.0152043,"upper":0.0170035,"percentage":23.6673},"t2":{"lesser":0.000560514,"mean":0.000576585,"upper":0.000592656,"percentage":5.5745},"w2":{"lesser":0.000304514,"mean":0.000320585,"upper":0.000336656,"percentage":10.026},"nq2":{"lesser":0.00656852,"mean":0.00701013,"upper":0.00745174,"percentage":12.5992},"jitterMean":{"lesser":0.0159996,"mean":0.0159998,"upper":0.0160001,"percentage":0.00332549},"jitterVariance":{"lesser":1.87649e-06,"mean":1.97752e-06,"upper":2.07856e-06,"percentage":10.2179}}},{"t1":0.00337468,"w1":0.000382841,"x1":0.00299184,"nq1":0.0128787,"t2":0.000578329,"w2":0.000322329,"x2":0.000256,"nq2":0.00721032,"jitterE":0.0160017,"jitterV":1.97758e-06,"confidenceInterval":{"t1":{"lesser":0.00335133,"mean":0.00342579,"upper":0.00350025,"percentage":4.34686},"w1":{"lesser":0.000398708,"mean":0.000439832,"upper":0.000480955,"percentage":18.6996},"x1":{"lesser":0.00294496,"mean":0.00298596,"upper":0.00302696,"percentage":2.74614},"nq1":{"lesser":0.0131226,"mean":0.0147392,"upper":0.0163558,"percentage":21.936},"t2":{"lesser":0.000565147,"mean":0.000576934,"upper":0.00058872,"percentage":4.08583},"w2":{"lesser":0.000309147,"mean":0.000320934,"upper":0.00033272,"percentage":7.34498},"nq2":{"lesser":0.00671696,"mean":0.00705017,"upper":0.00738338,"percentage":9.45256},"jitterMean":{"lesser":0.0159994,"mean":0.0160002,"upper":0.016001,"percentage":0.00947252},"jitterVariance":{"lesser":1.90357e-06,"mean":1.97754e-06,"upper":2.0515e-06,"percentage":7.48039}}},{"t1":0.003548,"w1":0.000430499,"x1":0.0031175,"nq1":0.0144372,"t2":0.000587556,"w2":0.000331556,"x2":0.000256,"nq2":0.00733895,"jitterE":0.0159991,"jitterV":2.03825e-06,"confidenceInterval":{"t1":{"lesser":0.00337543,"mean":0.00344616,"upper":0.00351689,"percentage":4.10491},"w1":{"lesser":0.000405758,"mean":0.000438276,"upper":0.000470794,"percentage":14.8391},"x1":{"lesser":0.00295443,"mean":0.00300788,"upper":0.00306133,"percentage":3.55386},"nq1":{"lesser":0.0134123,"mean":0.0146889,"upper":0.0159654,"percentage":17.3809},"t2":{"lesser":0.000568808,"mean":0.000578704,"upper":0.000588601,"percentage":3.42028},"w2":{"lesser":0.000312808,"mean":0.000322704,"upper":0.000332601,"percentage":6.13357},"nq2":{"lesser":0.00681979,"mean":0.0070983,"upper":0.00737681,"percentage":7.84733},"jitterMean":{"lesser":0.0159993,"mean":0.016,"upper":0.0160007,"percentage":0.00864043},"jitterVariance":{"lesser":1.92619e-06,"mean":1.98766e-06,"upper":2.04912e-06,"percentage":6.18445}}},{"t1":0.00356908,"w1":0.000484424,"x1":0.00308465,"nq1":0.0158843,"t2":0.000590198,"w2":0.000334198,"x2":0.000256,"nq2":0.00746048,"jitterE":0.0160013,"jitterV":2.07084e-06,"confidenceInterval":{"t1":{"lesser":0.00339659,"mean":0.00346372,"upper":0.00353085,"percentage":3.87616},"w1":{"lesser":0.000415296,"mean":0.000444869,"upper":0.000474441,"percentage":13.2948},"x1":{"lesser":0.00297014,"mean":0.00301885,"upper":0.00306756,"percentage":3.22719},"nq1":{"lesser":0.0137588,"mean":0.0148596,"upper":0.0159605,"percentage":14.8167},"t2":{"lesser":0.000571615,"mean":0.000580346,"upper":0.000589077,"percentage":3.00885},"w2":{"lesser":0.000315615,"mean":0.000324346,"upper":0.000333077,"percentage":5.38368},"nq2":{"lesser":0.00690041,"mean":0.00715004,"upper":0.00739967,"percentage":6.98269},"jitterMean":{"lesser":0.0159995,"mean":0.0160002,"upper":0.0160009,"percentage":0.00824903},"jitterVariance":{"lesser":1.9441e-06,"mean":1.99954e-06,"upper":2.05498e-06,"percentage":5.5455}}},{"t1":0.00359815,"w1":0.000499653,"x1":0.0030985,"nq1":0.0164765,"t2":0.000583505,"w2":0.000327505,"x2":0.000256,"nq2":0.00731465,"jitterE":0.0160006,"jitterV":2.03793e-06,"confidenceInterval":{"t1":{"lesser":0.00341546,"mean":0.00348052,"upper":0.00354558,"percentage":3.7386},"w1":{"lesser":0.000423537,"mean":0.000451717,"upper":0.000479897,"percentage":12.4769},"x1":{"lesser":0.00298345,"mean":0.00302881,"upper":0.00307416,"percentage":2.99516},"nq1":{"lesser":0.0140533,"mean":0.0150617,"upper":0.0160702,"percentage":13.3908},"t2":{"lesser":0.000573283,"mean":0.000580741,"upper":0.000588199,"percentage":2.56836},"w2":{"lesser":0.000317283,"mean":0.000324741,"upper":0.000332199,"percentage":4.59305},"nq2":{"lesser":0.006955,"mean":0.00717062,"upper":0.00738623,"percentage":6.01396},"jitterMean":{"lesser":0.0159997,"mean":0.0160003,"upper":0.0160008,"percentage":0.0071326},"jitterVariance":{"lesser":1.95637e-06,"mean":2.00434e-06,"upper":2.0523e-06,"percentage":4.78617}}},{"t1":0.0034075,"w1":0.000405588,"x1":0.00300191,"nq1":0.0135968,"t2":0.000580769,"w2":0.000324769,"x2":0.000256,"nq2":0.00726252,"jitterE":0.0159994,"jitterV":2.00171e-06,"confidenceInterval":{"t1":{"lesser":0.00341394,"mean":0.00347241,"upper":0.00353088,"percentage":3.36762},"w1":{"lesser":0.000420359,"mean":0.000446591,"upper":0.000472823,"percentage":11.7476},"x1":{"lesser":0.00298602,"mean":0.00302582,"upper":0.00306562,"percentage":2.63074},"nq1":{"lesser":0.0139731,"mean":0.014899,"upper":0.0158248,"percentage":12.4283},"t2":{"lesser":0.000574262,"mean":0.000580744,"upper":0.000587226,"percentage":2.23219},"w2":{"lesser":0.000318262,"mean":0.000324744,"upper":0.000331226,"percentage":3.99186},"nq2":{"lesser":0.0069925,"mean":0.00718083,"upper":0.00736916,"percentage":5.24536},"jitterMean":{"lesser":0.0159996,"mean":0.0160002,"upper":0.0160007,