{"samples":100000,"simulations":[{"t1":952.497,"w1":952.371,"x1":0.125629,"nq1":22894.2,"t2":0.000282158,"w2":2.61583e-05,"x2":0.000256,"nq2":0.000575177,"jitterE":0.0160001,"jitterV":5.07311e-10},{"t1":0,"w1":0,"x1":0,"nq1":40788.8,"t2":0.000280196,"w2":2.41958e-05,"x2":0.000256,"nq2":0.000534342,"jitterE":0.0160001,"jitterV":4.59372e-10,"confidenceInterval":{"t1":{"lesser":-914.397,"mean":476.248,"upper":1866.89,"percentage":584},"w1":{"lesser":-914.276,"mean":476.186,"upper":1866.65,"percentage":584},"x1":{"lesser":-0.120604,"mean":0.0628146,"upper":0.246233,"percentage":584},"nq1":{"lesser":5715.5,"mean":31841.5,"upper":57967.5,"percentage":164.1},"t2":{"lesser":0.000278312,"mean":0.000281177,"upper":0.000284042,"percentage":2.03804},"w2":{"lesser":2.23118e-05,"mean":2.51771e-05,"upper":2.80423e-05,"percentage":22.7608},"nq2":{"lesser":0.000495141,"mean":0.00055476,"upper":0.000614378,"percentage":21.4933},"jitterMean":{"lesser":0.016,"mean":0.0160001,"upper":0.0160001,"percentage":0.000308701},"jitterVariance":{"lesser":4.1335e-10,"mean":4.83341e-10,"upper":5.53332e-10,"percentage":28.9615}}},{"t1":0,"w1":0,"x1":0,"nq1":58695,"t2":0.000280386,"w2":2.43862e-05,"x2":0.000256,"nq2":0.000540332,"jitterE":0.0159999,"jitterV":4.63056e-10,"confidenceInterval":{"t1":{"lesser":-429.576,"mean":317.499,"upper":1064.57,"percentage":470.6},"w1":{"lesser":-429.519,"mean":317.457,"upper":1064.43,"percentage":470.6},"x1":{"lesser":-0.0566588,"mean":0.0418764,"upper":0.140412,"percentage":470.6},"nq1":{"lesser":16474.9,"mean":40792.7,"upper":65110.4,"percentage":119.226},"t2":{"lesser":0.000279443,"mean":0.000280913,"upper":0.000282384,"percentage":1.04679},"w2":{"lesser":2.34432e-05,"mean":2.49134e-05,"upper":2.63837e-05,"percentage":11.8032},"nq2":{"lesser":0.000519994,"mean":0.00054995,"upper":0.000579907,"percentage":10.8942},"jitterMean":{"lesser":0.0159999,"mean":0.016,"upper":0.0160001,"percentage":0.00116366},"jitterVariance":{"lesser":4.40338e-10,"mean":4.76579e-10,"upper":5.12821e-10,"percentage":15.2092}}},{"t1":0,"w1":0,"x1":0,"nq1":76448.1,"t2":0.000280144,"w2":2.4144e-05,"x2":0.000256,"nq2":0.000524793,"jitterE":0.0160001,"jitterV":4.53861e-10,"confidenceInterval":{"t1":{"lesser":-269.557,"mean":238.124,"upper":745.805,"percentage":426.4},"w1":{"lesser":-269.521,"mean":238.093,"upper":745.707,"percentage":426.4},"x1":{"lesser":-0.0355531,"mean":0.0314073,"upper":0.0983676,"percentage":426.4},"nq1":{"lesser":25132,"mean":49706.5,"upper":74281,"percentage":98.8785},"t2":{"lesser":0.000279694,"mean":0.000280721,"upper":0.000281748,"percentage":0.731977},"w2":{"lesser":2.36937e-05,"mean":2.47211e-05,"upper":2.57485e-05,"percentage":8.31199},"nq2":{"lesser":0.000520248,"mean":0.000543661,"upper":0.000567074,"percentage":8.61305},"jitterMean":{"lesser":0.016,"mean":0.016,"upper":0.0160001,"percentage":0.000769175},"jitterVariance":{"lesser":4.44712e-10,"mean":4.709e-10,"upper":4.97087e-10,"percentage":11.1224}}},{"t1":0,"w1":0,"x1":0,"nq1":94075.3,"t2":0.000279071,"w2":2.30708e-05,"x2":0.000256,"nq2":0.000501931,"jitterE":0.016,"jitterV":4.50838e-10,"confidenceInterval":{"t1":{"lesser":-193.357,"mean":190.499,"upper":574.356,"percentage":403},"w1":{"lesser":-193.331,"mean":190.474,"upper":574.28,"percentage":403},"x1":{"lesser":-0.0255027,"mean":0.0251258,"upper":0.0757544,"percentage":403},"nq1":{"lesser":33215.3,"mean":58580.3,"upper":83945.2,"percentage":86.5991},"t2":{"lesser":0.000279387,"mean":0.000280391,"upper":0.000281395,"percentage":0.716154},"w2":{"lesser":2.3387e-05,"mean":2.4391e-05,"upper":2.5395e-05,"percentage":8.23266},"nq2":{"lesser":0.000511302,"mean":0.000535315,"upper":0.000559328,"percentage":8.97142},"jitterMean":{"lesser":0.016,"mean":0.016,"upper":0.0160001,"percentage":0.00058363},"jitterVariance":{"lesser":4.46081e-10,"mean":4.66888e-10,"upper":4.87694e-10,"percentage":8.9129}}}],"confidenceInterval":{"t1":{"lesser":-193.357,"mean":190.499,"upper":574.356,"percentage":403},"w1":{"lesser":-193.331,"mean":190.474,"upper":574.28,"percentage":403},"x1":{"lesser":-0.0255027,"mean":0.0251258,"upper":0.0757544,"percentage":403},"nq1":{"lesser":33215.3,"mean":58580.3,"upper":83945.2,"percentage":86.5991},"t2":{"lesser":0.000279387,"mean":0.000280391,"upper":0.000281395,"percentage":0.716154},"w2":{"lesser":2.3387e-05,"mean":2.4391e-05,"upper":2.5395e-05,"percentage":8.23266},"nq2":{"lesser":0.000511302,"mean":0.000535315,"upper":0.000559328,"percentage":8.97142},"jitterMean":{"lesser":0.016,"mean":0.016,"upper":0.0160001,"percentage":0.00058363},"jitterVariance":{"lesser":4.46081e-10,"mean":4.66888e-10,"upper":4.87694e-10,"percentage":8.9129}}}
