{"samples":50000,"simulations":[{"t1":409.842,"w1":409.714,"x1":0.12811,"nq1":8935.64,"t2":0.000285253,"w2":2.92527e-05,"x2":0.000256,"nq2":0.000654507,"jitterE":0.0159999,"jitterV":6.44544e-10},{"t1":676.231,"w1":676.112,"x1":0.118832,"nq1":13991.2,"t2":0.000281084,"w2":2.50843e-05,"x2":0.000256,"nq2":0.00054335,"jitterE":0.0159999,"jitterV":5.35662e-10,"confidenceInterval":{"t1":{"lesser":154.109,"mean":543.037,"upper":931.964,"percentage":143.242},"w1":{"lesser":153.972,"mean":542.913,"upper":931.854,"percentage":143.279},"x1":{"lesser":0.109926,"mean":0.123471,"upper":0.137016,"percentage":21.9399},"nq1":{"lesser":4082.33,"mean":11463.4,"upper":18844.5,"percentage":128.776},"t2":{"lesser":0.000277083,"mean":0.000283168,"upper":0.000289254,"percentage":4.29834},"w2":{"lesser":2.10827e-05,"mean":2.71685e-05,"upper":3.32543e-05,"percentage":44.8002},"nq2":{"lesser":0.000436639,"mean":0.000598928,"upper":0.000761217,"percentage":54.1931},"jitterMean":{"lesser":0.0159999,"mean":0.0159999,"upper":0.016,"percentage":0.000316277},"jitterVariance":{"lesser":4.31136e-10,"mean":5.90103e-10,"upper":7.4907e-10,"percentage":53.8776}}},{"t1":912.459,"w1":912.352,"x1":0.106542,"nq1":19027.6,"t2":0.000280206,"w2":2.42057e-05,"x2":0.000256,"nq2":0.000524849,"jitterE":0.0160001,"jitterV":5.56376e-10,"confidenceInterval":{"t1":{"lesser":324.569,"mean":666.177,"upper":1007.79,"percentage":102.558},"w1":{"lesser":324.437,"mean":666.059,"upper":1007.68,"percentage":102.58},"x1":{"lesser":0.10313,"mean":0.117828,"upper":0.132526,"percentage":24.9479},"nq1":{"lesser":7129.8,"mean":13984.8,"upper":20839.8,"percentage":98.0351},"t2":{"lesser":0.000278518,"mean":0.000282181,"upper":0.000285844,"percentage":2.59613},"w2":{"lesser":2.2518e-05,"mean":2.61809e-05,"upper":2.98438e-05,"percentage":27.9815},"nq2":{"lesser":0.000478964,"mean":0.000574235,"upper":0.000669507,"percentage":33.1821},"jitterMean":{"lesser":0.0159999,"mean":0.016,"upper":0.0160001,"percentage":0.00123193},"jitterVariance":{"lesser":5.00314e-10,"mean":5.78861e-10,"upper":6.57407e-10,"percentage":27.1383}}},{"t1":1067.63,"w1":1067.49,"x1":0.135893,"nq1":24399.5,"t2":0.000279467,"w2":2.34668e-05,"x2":0.000256,"nq2":0.000502153,"jitterE":0.0160001,"jitterV":4.63439e-10,"confidenceInterval":{"t1":{"lesser":460.457,"mean":766.539,"upper":1072.62,"percentage":79.8608},"w1":{"lesser":460.335,"mean":766.417,"upper":1072.5,"percentage":79.8735},"x1":{"lesser":0.108876,"mean":0.122344,"upper":0.135812,"percentage":22.0167},"nq1":{"lesser":9510.12,"mean":16588.5,"upper":23666.9,"percentage":85.3408},"t2":{"lesser":0.000278746,"mean":0.000281502,"upper":0.000284259,"percentage":1.95865},"w2":{"lesser":2.27456e-05,"mean":2.55024e-05,"upper":2.82592e-05,"percentage":21.6201},"nq2":{"lesser":0.00048409,"mean":0.000556215,"upper":0.000628339,"percentage":25.9341},"jitterMean":{"lesser":0.0159999,"mean":0.016,"upper":0.0160001,"percentage":0.00114762},"jitterVariance":{"lesser":4.70524e-10,"mean":5.50005e-10,"upper":6.29486e-10,"percentage":28.9019}}},{"t1":0,"w1":0,"x1":0,"nq1":29578.7,"t2":0.000278504,"w2":2.25045e-05,"x2":0.000256,"nq2":0.000486663,"jitterE":0.016,"jitterV":4.4793e-10,"confidenceInterval":{"t1":{"lesser":231.603,"mean":613.231,"upper":994.86,"percentage":124.465},"w1":{"lesser":231.545,"mean":613.134,"upper":994.722,"percentage":124.472},"x1":{"lesser":0.0475944,"mean":0.0978754,"upper":0.148156,"percentage":102.745},"nq1":{"lesser":11820.5,"mean":19186.5,"upper":26552.6,"percentage":76.7835},"t2":{"lesser":0.000278551,"mean":0.000280903,"upper":0.000283255,"percentage":1.67475},"w2":{"lesser":2.25506e-05,"mean":2.49028e-05,"upper":2.7255e-05,"percentage":18.8911},"nq2":{"lesser":0.000482524,"mean":0.000542304,"upper":0.000602084,"percentage":22.0467},"jitterMean":{"lesser":0.0159999,"mean":0.016,"upper":0.0160001,"percentage":0.000840159},"jitterVariance":{"lesser":4.5833e-10,"mean":5.2959e-10,"upper":6.0085e-10,"percentage":26.9113}}},{"t1":0,"w1":0,"x1":0,"nq1":34738.9,"t2":0.00028021,"w2":2.42103e-05,"x2":0.000256,"nq2":0.000520452,"jitterE":0.0160001,"jitterV":4.28168e-10,"confidenceInterval":{"t1":{"lesser":150.867,"mean":511.026,"upper":871.185,"percentage":140.955},"w1":{"lesser":150.829,"mean":510.945,"upper":871.06,"percentage":140.961},"x1":{"lesser":0.0308504,"mean":0.0815628,"upper":0.132275,"percentage":124.352},"nq1":{"lesser":14097.5,"mean":21778.6,"upper":29459.7,"percentage":70.5378},"t2":{"lesser":0.000278922,"mean":0.000280787,"upper":0.000282653,"percentage":1.32874},"w2":{"lesser":2.29219e-05,"mean":2.47874e-05,"upper":2.66529e-05,"percentage":15.0518},"nq2":{"lesser":0.000491067,"mean":0.000538662,"upper":0.000586257,"percentage":17.6716},"jitterMean":{"lesser":0.016,"mean":0.016,"upper":0.0160001,"percentage":0.000810257},"jitterVariance":{"lesser":4.47676e-10,"mean":5.12686e-10,"upper":5.77697e-10,"percentage":25.3608}}},{"t1":0,"w1":0,"x1":0,"nq1":39829.1,"t2":0.000280074,"w2":2.40737e-05,"x2":0.000256,"nq2":0.000537853,"jitterE":0.016,"jitterV":4.67667e-10,"confidenceInterval":{"t1":{"lesser":110.501,"mean":438.022,"upper":765.544,"percentage":149.546},"w1":{"lesser":110.473,"mean":437.953,"upper":765.432,"percentage":149.55},"x1":{"lesser":0.0226367,"mean":0.069911,"upper":0.117185,"percentage":135.241},"nq1":{"lesser":16359.5,"mean":24357.2,"upper":32355,"percentage":65.6703},"t2":{"lesser":0.000279136,"mean":0.000280685,"upper":0.000282235,"percentage":1.10426},"w2":{"lesser":2.31357e-05,"mean":2.46854e-05,"upper":2.62352e-05,"percentage":12.556},"nq2":{"lesser":0.000499314,"mean":0.000538547,"upper":0.000577779,"percentage":14.5697},"jitterMean":{"lesser":0.016,"mean":0.016,"upper":0.0160001,"percentage":0.000688731},"jitterVariance":{"lesser":4.513e-10,"mean":5.06255e-10,"upper":5.6121e-10,"percentage":21.7105}}},{"t1":0,"w1":0,"x1":0,"nq1":44956.1,"t2":0.000280901,"w2":2.49013e-05,"x2":0.000256,"nq2":0.00056147,"jitterE":0.0159999,"jitterV":5.14398e-10,"confidenceInterval":{"t1":{"lesser":86.8241,"mean":383.27,"upper":679.715,"percentage":154.693},"w1":{"lesser":86.8021,"mean":383.208,"upper":679.615,"percentage":154.697},"x1":{"lesser":0.0178247,"mean":0.0611721,"upper":0.10452,"percentage":141.723},"nq1":{"lesser":18616.2,"mean":26932.1,"upper":35248,"percentage":61.7544},"t2":{"lesser":0.000279394,"mean":0.000280712,"upper":0.000282031,"percentage":0.939247},"w2":{"lesser":2.33941e-05,"mean":2.47124e-05,"upper":2.60307e-05,"percentage":10.6691},"nq2":{"lesser":0.00050764,"mean":0.000541412,"upper":0.000575184,"percentage":12.4754},"jitterMean":{"lesser":0.016,"mean":0.016,"upper":0.0160001,"percentage":0.000646672},"jitterVariance":{"lesser":4.60521e-10,"mean":5.07273e-10,"upper":5.54025e-10,"percentage":18.4327}}},{"t1":0,"w1":0,"x1":0,"nq1":50397,"t2":0.000280579,"w2":2.45789e-05,"x2":0.000256,"nq2":0.000543434,"jitterE":0.0160001,"jitterV":4.73383e-10,"confidenceInterval":{"t1":{"lesser":71.4736,"mean":340.684,"upper":609.895,"percentage":158.041},"w1":{"lesser":71.4553,"mean":340.63,"upper":609.804,"percentage":158.045},"x1":{"lesser":0.0146947,"mean":0.0543752,"upper":0.0940557,"percentage":145.951},"nq1":{"lesser":20874.7,"mean":29539.3,"upper":38203.9,"percentage":58.6648},"t2":{"lesser":0.000279552,"mean":0.000280698,"upper":0.000281844,"percentage":0.816587},"w2":{"lesser":2.35515e-05,"mean":2.46976e-05,"upper":2.58436e-05,"percentage":9.28082},"nq2":{"lesser":0.000512282,"mean":0.000541637,"upper":0.000570991,"percentage":10.8392},"jitterMean":{"lesser":0.016,"mean":0.016,"upper":0.0160001,"percentage":0.000584626},"jitterVariance":{"lesser":4.62293e-10,"mean":5.03507e-10,"upper":5.44722e-10,"percentage":16.3711}}},{"t1":0,"w1":0,"x1":0,"nq1":55735.5,"t2":0.000280221,"w2":2.42206e-05,"x2":0.000256,"nq2":0.00053564,"jitterE":0.0160001,"jitterV":4.39741e-10,"confidenceInterval":{"t1":{"lesser":60.7104,"mean":306.616,"upper":552.521,"percentage":160.4},"w1":{"lesser":60.6949,"mean":306.567,"upper":552.439,"percentage":160.403},"x1":{"lesser":0.0124957,