{"samples":50000,"simulations":[{"t1":0.00585809,"w1":0.00282717,"x1":0.00303091,"nq1":0.368514,"t2":0.00145971,"w2":0.00120371,"x2":0.000256,"nq2":0.0263941,"jitterE":0.016001,"jitterV":5.55733e-06},{"t1":0.00596386,"w1":0.0028897,"x1":0.00307415,"nq1":0.383832,"t2":0.00151044,"w2":0.00125444,"x2":0.000256,"nq2":0.0276989,"jitterE":0.0160008,"jitterV":5.58063e-06,"confidenceInterval":{"t1":{"lesser":0.00575654,"mean":0.00591097,"upper":0.0060654,"percentage":5.22508},"w1":{"lesser":0.00276715,"mean":0.00285844,"upper":0.00294973,"percentage":6.38746},"x1":{"lesser":0.0029894,"mean":0.00305253,"upper":0.00311567,"percentage":4.13661},"nq1":{"lesser":0.353809,"mean":0.376173,"upper":0.398537,"percentage":11.8903},"t2":{"lesser":0.00141101,"mean":0.00148508,"upper":0.00155914,"percentage":9.97478},"w2":{"lesser":0.00115501,"mean":0.00122908,"upper":0.00130314,"percentage":12.0524},"nq2":{"lesser":0.0251415,"mean":0.0270465,"upper":0.0289515,"percentage":14.0868},"jitterMean":{"lesser":0.0160006,"mean":0.0160009,"upper":0.0160012,"percentage":0.00386428},"jitterVariance":{"lesser":5.53497e-06,"mean":5.56898e-06,"upper":5.603e-06,"percentage":1.22165}}},{"t1":0.00598447,"w1":0.00294014,"x1":0.00304433,"nq1":0.389437,"t2":0.00148241,"w2":0.00122641,"x2":0.000256,"nq2":0.0270257,"jitterE":0.0160017,"jitterV":5.50227e-06,"confidenceInterval":{"t1":{"lesser":0.00584336,"mean":0.00593547,"upper":0.00602758,"percentage":3.10386},"w1":{"lesser":0.00280879,"mean":0.00288567,"upper":0.00296255,"percentage":5.32825},"x1":{"lesser":0.00301973,"mean":0.0030498,"upper":0.00307987,"percentage":1.9719},"nq1":{"lesser":0.365881,"mean":0.380595,"upper":0.395308,"percentage":7.73176},"t2":{"lesser":0.00144967,"mean":0.00148419,"upper":0.00151871,"percentage":4.65204},"w2":{"lesser":0.00119367,"mean":0.00122819,"upper":0.00126271,"percentage":5.6217},"nq2":{"lesser":0.0261531,"mean":0.0270396,"upper":0.027926,"percentage":6.55654},"jitterMean":{"lesser":0.0160005,"mean":0.0160012,"upper":0.0160018,"percentage":0.00776206},"jitterVariance":{"lesser":5.49208e-06,"mean":5.54675e-06,"upper":5.60141e-06,"percentage":1.97105}}},{"t1":0.00586553,"w1":0.00282785,"x1":0.00303767,"nq1":0.36959,"t2":0.00146904,"w2":0.00121304,"x2":0.000256,"nq2":0.0263234,"jitterE":0.0160011,"jitterV":5.55784e-06,"confidenceInterval":{"t1":{"lesser":0.00584818,"mean":0.00591798,"upper":0.00598779,"percentage":2.3591},"w1":{"lesser":0.00281312,"mean":0.00287122,"upper":0.00292932,"percentage":4.04715},"x1":{"lesser":0.00302645,"mean":0.00304677,"upper":0.00306709,"percentage":1.3339},"nq1":{"lesser":0.366741,"mean":0.377844,"upper":0.388946,"percentage":5.87671},"t2":{"lesser":0.00145685,"mean":0.0014804,"upper":0.00150395,"percentage":3.18103},"w2":{"lesser":0.00120085,"mean":0.0012244,"upper":0.00124795,"percentage":3.84612},"nq2":{"lesser":0.0261763,"mean":0.0268605,"upper":0.0275448,"percentage":5.09508},"jitterMean":{"lesser":0.0160007,"mean":0.0160011,"upper":0.0160015,"percentage":0.00499178},"jitterVariance":{"lesser":5.514e-06,"mean":5.54952e-06,"upper":5.58504e-06,"percentage":1.28006}}},{"t1":0.00596385,"w1":0.00294107,"x1":0.00302278,"nq1":0.389313,"t2":0.00147906,"w2":0.00122306,"x2":0.000256,"nq2":0.027024,"jitterE":0.0160052,"jitterV":5.51072e-06,"confidenceInterval":{"t1":{"lesser":0.00587281,"mean":0.00592716,"upper":0.0059815,"percentage":1.83372},"w1":{"lesser":0.00283418,"mean":0.00288519,"upper":0.0029362,"percentage":3.53582},"x1":{"lesser":0.00302423,"mean":0.00304197,"upper":0.00305971,"percentage":1.16647},"nq1":{"lesser":0.370787,"mean":0.380137,"upper":0.389488,"percentage":4.91947},"t2":{"lesser":0.00146289,"mean":0.00148013,"upper":0.00149738,"percentage":2.33035},"w2":{"lesser":0.00120689,"mean":0.00122413,"upper":0.00124138,"percentage":2.81769},"nq2":{"lesser":0.026388,"mean":0.0268932,"upper":0.0273985,"percentage":3.75758},"jitterMean":{"lesser":0.0160003,"mean":0.0160019,"upper":0.0160036,"percentage":0.020567},"jitterVariance":{"lesser":5.51142e-06,"mean":5.54176e-06,"upper":5.5721e-06,"percentage":1.09503}}},{"t1":0.00577828,"w1":0.00277291,"x1":0.00300537,"nq1":0.371146,"t2":0.00146796,"w2":0.00121196,"x2":0.000256,"nq2":0.0273565,"jitterE":0.0159954,"jitterV":5.4374e-06,"confidenceInterval":{"t1":{"lesser":0.00583789,"mean":0.00590234,"upper":0.0059668,"percentage":2.18419},"w1":{"lesser":0.0028123,"mean":0.00286648,"upper":0.00292065,"percentage":3.77978},"x1":{"lesser":0.00301755,"mean":0.00303587,"upper":0.00305419,"percentage":1.20687},"nq1":{"lesser":0.370722,"mean":0.378639,"upper":0.386556,"percentage":4.18168},"t2":{"lesser":0.00146397,"mean":0.0014781,"upper":0.00149224,"percentage":1.91307},"w2":{"lesser":0.00120797,"mean":0.0012221,"upper":0.00123624,"percentage":2.31381},"nq2":{"lesser":0.0265453,"mean":0.0269704,"upper":0.0273956,"percentage":3.15276},"jitterMean":{"lesser":0.0159984,"mean":0.0160009,"upper":0.0160033,"percentage":0.0310538},"jitterVariance":{"lesser":5.48298e-06,"mean":5.52437e-06,"upper":5.56575e-06,"percentage":1.49833}}},{"t1":0.00588001,"w1":0.00281765,"x1":0.00306236,"nq1":0.375434,"t2":0.00149743,"w2":0.00124143,"x2":0.000256,"nq2":0.0276971,"jitterE":0.0159978,"jitterV":5.63233e-06,"confidenceInterval":{"t1":{"lesser":0.00584568,"mean":0.00589915,"upper":0.00595263,"percentage":1.81297},"w1":{"lesser":0.00281293,"mean":0.0028595,"upper":0.00290607,"percentage":3.25714},"x1":{"lesser":0.00302294,"mean":0.00303965,"upper":0.00305637,"percentage":1.09993},"nq1":{"lesser":0.371598,"mean":0.378181,"upper":0.384764,"percentage":3.4814},"t2":{"lesser":0.00146809,"mean":0.00148087,"upper":0.00149364,"percentage":1.72526},"w2":{"lesser":0.00121209,"mean":0.00122487,"upper":0.00123764,"percentage":2.08584},"nq2":{"lesser":0.0266724,"mean":0.0270742,"upper":0.0274761,"percentage":2.96872},"jitterMean":{"lesser":0.0159982,"mean":0.0160004,"upper":0.0160026,"percentage":0.0276719},"jitterVariance":{"lesser":5.49487e-06,"mean":5.53979e-06,"upper":5.58471e-06,"percentage":1.62183}}},{"t1":0.00559108,"w1":0.00256375,"x1":0.00302733,"nq1":0.339657,"t2":0.00147206,"w2":0.00121606,"x2":0.000256,"nq2":0.0264832,"jitterE":0.016,"jitterV":5.5873e-06,"confidenceInterval":{"t1":{"lesser":0.00577581,"mean":0.00586064,"upper":0.00594548,"percentage":2.89502},"w1":{"lesser":0.00274319,"mean":0.00282253,"upper":0.00290187,"percentage":5.62204},"x1":{"lesser":0.00302362,"mean":0.00303811,"upper":0.00305261,"percentage":0.954286},"nq1":{"lesser":0.362804,"mean":0.373366,"upper":0.383927,"percentage":5.65722},"t2":{"lesser":0.00146871,"mean":0.00147976,"upper":0.00149081,"percentage":1.49346},"w2":{"lesser":0.00121271,"mean":0.00122376,"upper":0.00123481,"percentage":1.80588},"nq2":{"lesser":0.0266322,"mean":0.0270004,"upper":0.0273686,"percentage":2.72745},"jitterMean":{"lesser":0.0159985,"mean":0.0160004,"upper":0.0160022,"percentage":0.0235497},"jitterVariance":{"lesser":5.50598e-06,"mean":5.54573e-06,"upper":5.58548e-06,"percentage":1.43359}}},{"t1":0.00588309,"w1":0.00287705,"x1":0.00300604,"nq1":0.391047,"t2":0.00148188,"w2":0.00122588,"x2":0.000256,"nq2":0.0268073,"jitterE":0.0160013,"jitterV":5.53395e-06,"confidenceInterval":{"t1":{"lesser":0.00578927,"mean":0.00586314,"upper":0.00593701,"percentage":2.51987},"w1":{"lesser":0.00275874,"mean":0.00282859,"upper":0.00289844,"percentage":4.93855},"x1":{"lesser":0.00302036,"mean":0.00303455,"upper":0.00304874,"percentage":0.935353},"nq1":{"lesser":0.36547,"mean":0.37533,"upper":0.38519,"percentage":5.25398},"t2":{"lesser":0.00147039,"mean":0.00148,"upper":0.00148961,"percentage":1.29909},"w2":{"lesser":0.00121439,"mean":0.001224,"upper":0.00123361,"percentage":1.57079},"nq2":{"lesser":0.0266565,"mean":0.0269789,"upper":0.0273013,"percentage":2.3902},"jitterMean":{"lesser":0.0159988,"mean":0.0160005,"upper":0.0160021,"percentage":0.0206005},"jitterVariance":{"lesser":5.50979e-06,"mean":5.54442e-06,"upper":5.57905e-06,"percentage":1.24925}}},{"t1":0.00572474,"w1":0.00272311,"x1":0.00300164,