{"samples":50000,"simulations":[{"t1":1046.3,"w1":1046.18,"x1":0.113677,"nq1":26410.1,"t2":0.000281219,"w2":2.52195e-05,"x2":0.000256,"nq2":0.000548177,"jitterE":0.0159999,"jitterV":5.22603e-10},{"t1":0,"w1":0,"x1":0,"nq1":38443.1,"t2":0.000281622,"w2":2.56217e-05,"x2":0.000256,"nq2":0.000547006,"jitterE":0.0159999,"jitterV":5.06574e-10,"confidenceInterval":{"t1":{"lesser":-1004.44,"mean":523.148,"upper":2050.74,"percentage":584},"w1":{"lesser":-1004.34,"mean":523.091,"upper":2050.52,"percentage":584},"x1":{"lesser":-0.10913,"mean":0.0568385,"upper":0.222807,"percentage":584},"nq1":{"lesser":14858.4,"mean":32426.6,"upper":49994.8,"percentage":108.356},"t2":{"lesser":0.000280833,"mean":0.000281421,"upper":0.000282008,"percentage":0.417331},"w2":{"lesser":2.48333e-05,"mean":2.54206e-05,"upper":2.60078e-05,"percentage":4.6201},"nq2":{"lesser":0.000545881,"mean":0.000547591,"upper":0.000549302,"percentage":0.62476},"jitterMean":{"lesser":0.0159998,"mean":0.0159999,"upper":0.0159999,"percentage":0.000605407},"jitterVariance":{"lesser":4.91186e-10,"mean":5.14589e-10,"upper":5.37991e-10,"percentage":9.09569}}},{"t1":0,"w1":0,"x1":0,"nq1":50443.8,"t2":0.000284054,"w2":2.80539e-05,"x2":0.000256,"nq2":0.000601221,"jitterE":0.0159999,"jitterV":5.50348e-10,"confidenceInterval":{"t1":{"lesser":-471.88,"mean":348.765,"upper":1169.41,"percentage":470.6},"w1":{"lesser":-471.828,"mean":348.728,"upper":1169.28,"percentage":470.6},"x1":{"lesser":-0.0512683,"mean":0.0378923,"upper":0.127053,"percentage":470.6},"nq1":{"lesser":22107.4,"mean":38432.4,"upper":54757.3,"percentage":84.9543},"t2":{"lesser":0.000280215,"mean":0.000282298,"upper":0.000284382,"percentage":1.47605},"w2":{"lesser":2.42149e-05,"mean":2.62984e-05,"upper":2.83818e-05,"percentage":15.8446},"nq2":{"lesser":0.000523397,"mean":0.000565468,"upper":0.000607539,"percentage":14.8801},"jitterMean":{"lesser":0.0159999,"mean":0.0159999,"upper":0.0159999,"percentage":0.00033063},"jitterVariance":{"lesser":4.96422e-10,"mean":5.26508e-10,"upper":5.56595e-10,"percentage":11.4286}}},{"t1":0,"w1":0,"x1":0,"nq1":62414.9,"t2":0.000276829,"w2":2.08294e-05,"x2":0.000256,"nq2":0.000447024,"jitterE":0.016,"jitterV":3.62984e-10,"confidenceInterval":{"t1":{"lesser":-296.102,"mean":261.574,"upper":819.25,"percentage":426.4},"w1":{"lesser":-296.07,"mean":261.546,"upper":819.161,"percentage":426.4},"x1":{"lesser":-0.0321706,"mean":0.0284192,"upper":0.089009,"percentage":426.4},"nq1":{"lesser":27911.5,"mean":44428,"upper":60944.5,"percentage":74.3517},"t2":{"lesser":0.000277725,"mean":0.000280931,"upper":0.000284137,"percentage":2.28244},"w2":{"lesser":2.17251e-05,"mean":2.49311e-05,"upper":2.81372e-05,"percentage":25.7191},"nq2":{"lesser":0.000467213,"mean":0.000535857,"upper":0.000604501,"percentage":25.6204},"jitterMean":{"lesser":0.0159998,"mean":0.0159999,"upper":0.016,"percentage":0.000789539},"jitterVariance":{"lesser":3.96363e-10,"mean":4.85627e-10,"upper":5.74892e-10,"percentage":36.7625}}},{"t1":0,"w1":0,"x1":0,"nq1":74255.3,"t2":0.000280294,"w2":2.42941e-05,"x2":0.000256,"nq2":0.000534978,"jitterE":0.0160001,"jitterV":4.44862e-10,"confidenceInterval":{"t1":{"lesser":-212.398,"mean":209.259,"upper":630.917,"percentage":403},"w1":{"lesser":-212.375,"mean":209.237,"upper":630.848,"percentage":403},"x1":{"lesser":-0.0230764,"mean":0.0227354,"upper":0.0685472,"percentage":403},"nq1":{"lesser":33343.7,"mean":50393.4,"upper":67443.2,"percentage":67.6666},"t2":{"lesser":0.000278443,"mean":0.000280804,"upper":0.000283165,"percentage":1.68167},"w2":{"lesser":2.24426e-05,"mean":2.48037e-05,"upper":2.71648e-05,"percentage":19.0383},"nq2":{"lesser":0.000485426,"mean":0.000535681,"upper":0.000585936,"percentage":18.763},"jitterMean":{"lesser":0.0159999,"mean":0.016,"upper":0.0160001,"percentage":0.00122997},"jitterVariance":{"lesser":4.10092e-10,"mean":4.77474e-10,"upper":5.44857e-10,"percentage":28.2247}}},{"t1":0,"w1":0,"x1":0,"nq1":86209.6,"t2":0.000276146,"w2":2.01455e-05,"x2":0.000256,"nq2":0.000425604,"jitterE":0.016,"jitterV":4.35209e-10,"confidenceInterval":{"t1":{"lesser":-164.443,"mean":174.383,"upper":513.208,"percentage":388.6},"w1":{"lesser":-164.425,"mean":174.364,"upper":513.153,"percentage":388.6},"x1":{"lesser":-0.0178662,"mean":0.0189462,"upper":0.0557585,"percentage":388.6},"nq1":{"lesser":38622.5,"mean":56362.8,"upper":74103.1,"percentage":62.9505},"t2":{"lesser":0.000277633,"mean":0.000280027,"upper":0.000282421,"percentage":1.70983},"w2":{"lesser":2.16334e-05,"mean":2.40274e-05,"upper":2.64213e-05,"percentage":19.9272},"nq2":{"lesser":0.000464079,"mean":0.000517335,"upper":0.000570591,"percentage":20.5886},"jitterMean":{"lesser":0.0159999,"mean":0.016,"upper":0.016,"percentage":0.000971468},"jitterVariance":{"lesser":4.15641e-10,"mean":4.7043e-10,"upper":5.25219e-10,"percentage":23.2931}}},{"t1":0,"w1":0,"x1":0,"nq1":98208.4,"t2":0.000278869,"w2":2.28685e-05,"x2":0.000256,"nq2":0.00050449,"jitterE":0.0160001,"jitterV":4.86471e-10,"confidenceInterval":{"t1":{"lesser":-133.776,"mean":149.471,"upper":432.718,"percentage":379},"w1":{"lesser":-133.762,"mean":149.455,"upper":432.671,"percentage":379},"x1":{"lesser":-0.0145344,"mean":0.0162396,"upper":0.0470135,"percentage":379},"nq1":{"lesser":43843.2,"mean":62340.7,"upper":80838.2,"percentage":59.3432},"t2":{"lesser":0.000277864,"mean":0.000279862,"upper":0.00028186,"percentage":1.42791},"w2":{"lesser":2.18637e-05,"mean":2.38618e-05,"upper":2.58599e-05,"percentage":16.7472},"nq2":{"lesser":0.000471465,"mean":0.0005155,"upper":0.000559535,"percentage":17.0844},"jitterMean":{"lesser":0.0159999,"mean":0.016,"upper":0.0160001,"percentage":0.000935797},"jitterVariance":{"lesser":4.27352e-10,"mean":4.72722e-10,"upper":5.18091e-10,"percentage":19.195}}},{"t1":0,"w1":0,"x1":0,"nq1":109979,"t2":0.000282663,"w2":2.66627e-05,"x2":0.000256,"nq2":0.000571447,"jitterE":0.0159999,"jitterV":4.88333e-10,"confidenceInterval":{"t1":{"lesser":-112.477,"mean":130.787,"upper":374.051,"percentage":372},"w1":{"lesser":-112.465,"mean":130.773,"upper":374.01,"percentage":372},"x1":{"lesser":-0.0122203,"mean":0.0142096,"upper":0.0406395,"percentage":372},"nq1":{"lesser":49062.7,"mean":68295.6,"upper":87528.4,"percentage":56.3224},"t2":{"lesser":0.000278393,"mean":0.000280212,"upper":0.000282031,"percentage":1.2983},"w2":{"lesser":2.23929e-05,"mean":2.42119e-05,"upper":2.60309e-05,"percentage":15.0257},"nq2":{"lesser":0.000482867,"mean":0.000522494,"upper":0.00056212,"percentage":15.1684},"jitterMean":{"lesser":0.0159999,"mean":0.016,"upper":0.016,"percentage":0.000841868},"jitterVariance":{"lesser":4.35937e-10,"mean":4.74673e-10,"upper":5.13409e-10,"percentage":16.3211}}},{"t1":0,"w1":0,"x1":0,"nq1":121792,"t2":0.000281413,"w2":2.54126e-05,"x2":0.000256,"nq2":0.000538185,"jitterE":0.016,"jitterV":4.46679e-10,"confidenceInterval":{"t1":{"lesser":-96.8405,"mean":116.255,"upper":329.351,"percentage":366.6},"w1":{"lesser":-96.83,"mean":116.243,"upper":329.315,"percentage":366.6},"x1":{"lesser":-0.0105214,"mean":0.0126308,"upper":0.035783,"percentage":366.6},"nq1":{"lesser":54286.6,"mean":74239.6,"upper":94192.5,"percentage":53.7528},"t2":{"lesser":0.000278746,"mean":0.000280345,"upper":0.000281945,"percentage":1.14125},"w2":{"lesser":2.27456e-05,"mean":2.43453e-05,"upper":2.59451e-05,"percentage":13.1419},"nq2":{"lesser":0.000489649,"mean":0.000524237,"upper":0.000558825,"percentage":13.1957},"jitterMean":{"lesser":0.0159999,"mean":0.016,"upper":0.016,"percentage":0.000733783},"jitterVariance":{"lesser":4.37417e-10,"mean":4.71563e-10,"upper":5.05708e-10,"percentage":14.4818}}},{"t1":0,"w1":0,"x1":0,"nq1":133592,"t2":0.000279261,"w2":2.32613e-05,"x2":0.000256,"nq2":0.000513928,"jitterE":0.016,"jitterV":4.55892e-10,"confidenceInterval":{"t1":{"lesser":-84.9593,"mean":104.63,"upper":294.219,"percentage":362.4},"w1":{"lesser":-84.95,"mean":104.618,"upper":294.187,"percentage":362.4},"x1":{"lesser":-0.00923057,"mean":0.0113677,"upper":0.0319659,"percentage":362.4},"nq1":{"lesser":59513.2,