{"samples":100000,"simulations":[{"t1":1116.31,"w1":1116.14,"x1":0.166842,"nq1":31559.4,"t2":0.000281122,"w2":2.51222e-05,"x2":0.000256,"nq2":0.000554126,"jitterE":0.016,"jitterV":4.77467e-10},{"t1":0,"w1":0,"x1":0,"nq1":52408.9,"t2":0.000280752,"w2":2.47524e-05,"x2":0.000256,"nq2":0.00055205,"jitterE":0.016,"jitterV":4.78008e-10,"confidenceInterval":{"t1":{"lesser":-1071.65,"mean":558.153,"upper":2187.96,"percentage":584},"w1":{"lesser":-1071.49,"mean":558.069,"upper":2187.63,"percentage":584},"x1":{"lesser":-0.160168,"mean":0.0834208,"upper":0.327009,"percentage":584},"nq1":{"lesser":11544,"mean":41984.1,"upper":72424.3,"percentage":145.008},"t2":{"lesser":0.000280397,"mean":0.000280937,"upper":0.000281477,"percentage":0.38433},"w2":{"lesser":2.43975e-05,"mean":2.49373e-05,"upper":2.54772e-05,"percentage":4.32976},"nq2":{"lesser":0.000550057,"mean":0.000553088,"upper":0.000556119,"percentage":1.096},"jitterMean":{"lesser":0.0159999,"mean":0.016,"upper":0.0160001,"percentage":0.000747808},"jitterVariance":{"lesser":4.76947e-10,"mean":4.77738e-10,"upper":4.78528e-10,"percentage":0.330822}}},{"t1":0,"w1":0,"x1":0,"nq1":73164,"t2":0.000279693,"w2":2.3693e-05,"x2":0.000256,"nq2":0.000521442,"jitterE":0.0159999,"jitterV":4.66615e-10,"confidenceInterval":{"t1":{"lesser":-503.454,"mean":372.102,"upper":1247.66,"percentage":470.6},"w1":{"lesser":-503.379,"mean":372.046,"upper":1247.47,"percentage":470.6},"x1":{"lesser":-0.0752455,"mean":0.0556138,"upper":0.186473,"percentage":470.6},"nq1":{"lesser":24117.4,"mean":52377.4,"upper":80637.4,"percentage":107.909},"t2":{"lesser":0.000279515,"mean":0.000280523,"upper":0.00028153,"percentage":0.718512},"w2":{"lesser":2.35147e-05,"mean":2.45225e-05,"upper":2.55303e-05,"percentage":8.21933},"nq2":{"lesser":0.000517679,"mean":0.000542539,"upper":0.0005674,"percentage":9.16466},"jitterMean":{"lesser":0.0159999,"mean":0.016,"upper":0.016,"percentage":0.000712891},"jitterVariance":{"lesser":4.65298e-10,"mean":4.7403e-10,"upper":4.82762e-10,"percentage":3.68411}}},{"t1":0,"w1":0,"x1":0,"nq1":94198.3,"t2":0.000280745,"w2":2.47449e-05,"x2":0.000256,"nq2":0.00053636,"jitterE":0.016,"jitterV":5.24888e-10,"confidenceInterval":{"t1":{"lesser":-315.914,"mean":279.076,"upper":874.067,"percentage":426.4},"w1":{"lesser":-315.867,"mean":279.035,"upper":873.937,"percentage":426.4},"x1":{"lesser":-0.0472162,"mean":0.0417104,"upper":0.130637,"percentage":426.4},"nq1":{"lesser":34115.1,"mean":62832.6,"upper":91550.1,"percentage":91.4095},"t2":{"lesser":0.000279922,"mean":0.000280578,"upper":0.000281235,"percentage":0.467946},"w2":{"lesser":2.39217e-05,"mean":2.45781e-05,"upper":2.52346e-05,"percentage":5.34197},"nq2":{"lesser":0.000524729,"mean":0.000540995,"upper":0.00055726,"percentage":6.01309},"jitterMean":{"lesser":0.0159999,"mean":0.016,"upper":0.016,"percentage":0.000479996},"jitterVariance":{"lesser":4.59066e-10,"mean":4.86745e-10,"upper":5.14423e-10,"percentage":11.3729}}},{"t1":0,"w1":0,"x1":0,"nq1":114841,"t2":0.000280521,"w2":2.45211e-05,"x2":0.000256,"nq2":0.000548569,"jitterE":0.016,"jitterV":5.06659e-10,"confidenceInterval":{"t1":{"lesser":-226.61,"mean":223.261,"upper":673.132,"percentage":403},"w1":{"lesser":-226.576,"mean":223.228,"upper":673.032,"percentage":403},"x1":{"lesser":-0.0338688,"mean":0.0333683,"upper":0.100605,"percentage":403},"nq1":{"lesser":43547.7,"mean":73234.3,"upper":102921,"percentage":81.0728},"t2":{"lesser":0.000280086,"mean":0.000280567,"upper":0.000281048,"percentage":0.342984},"w2":{"lesser":2.40856e-05,"mean":2.45667e-05,"upper":2.50479e-05,"percentage":3.91708},"nq2":{"lesser":0.000530217,"mean":0.000542509,"upper":0.000554802,"percentage":4.53177},"jitterMean":{"lesser":0.016,"mean":0.016,"upper":0.016,"percentage":0.000379732},"jitterVariance":{"lesser":4.68933e-10,"mean":4.90727e-10,"upper":5.12522e-10,"percentage":8.88256}}}],"confidenceInterval":{"t1":{"lesser":-226.61,"mean":223.261,"upper":673.132,"percentage":403},"w1":{"lesser":-226.576,"mean":223.228,"upper":673.032,"percentage":403},"x1":{"lesser":-0.0338688,"mean":0.0333683,"upper":0.100605,"percentage":403},"nq1":{"lesser":43547.7,"mean":73234.3,"upper":102921,"percentage":81.0728},"t2":{"lesser":0.000280086,"mean":0.000280567,"upper":0.000281048,"percentage":0.342984},"w2":{"lesser":2.40856e-05,"mean":2.45667e-05,"upper":2.50479e-05,"percentage":3.91708},"nq2":{"lesser":0.000530217,"mean":0.000542509,"upper":0.000554802,"percentage":4.53177},"jitterMean":{"lesser":0.016,"mean":0.016,"upper":0.016,"percentage":0.000379732},"jitterVariance":{"lesser":4.68933e-10,"mean":4.90727e-10,"upper":5.12522e-10,"percentage":8.88256}}}
