{"samples":50000,"simulations":[{"t1":0.00403603,"w1":0.00105056,"x1":0.00298546,"nq1":0.0708051,"t2":0.000877795,"w2":0.000621795,"x2":0.000256,"nq2":0.0140029,"jitterE":0.0159985,"jitterV":3.51459e-06},{"t1":0.00393571,"w1":0.000971202,"x1":0.00296451,"nq1":0.0661331,"t2":0.000862872,"w2":0.000606872,"x2":0.000256,"nq2":0.0129796,"jitterE":0.0159986,"jitterV":3.55258e-06,"confidenceInterval":{"t1":{"lesser":0.0038394,"mean":0.00398587,"upper":0.00413234,"percentage":7.34936},"w1":{"lesser":0.000895015,"mean":0.00101088,"upper":0.00112675,"percentage":22.9242},"x1":{"lesser":0.00294439,"mean":0.00297498,"upper":0.00300558,"percentage":2.05711},"nq1":{"lesser":0.061648,"mean":0.0684691,"upper":0.0752902,"percentage":19.9246},"t2":{"lesser":0.000848545,"mean":0.000870333,"upper":0.000892122,"percentage":5.00687},"w2":{"lesser":0.000592545,"mean":0.000614333,"upper":0.000636122,"percentage":7.09329},"nq2":{"lesser":0.0119972,"mean":0.0134912,"upper":0.0149852,"percentage":22.148},"jitterMean":{"lesser":0.0159985,"mean":0.0159986,"upper":0.0159986,"percentage":0.000464191},"jitterVariance":{"lesser":3.47812e-06,"mean":3.53358e-06,"upper":3.58904e-06,"percentage":3.13917}}},{"t1":0.0039876,"w1":0.000961003,"x1":0.0030266,"nq1":0.0635501,"t2":0.000881349,"w2":0.000625349,"x2":0.000256,"nq2":0.0137585,"jitterE":0.0159978,"jitterV":3.62021e-06,"confidenceInterval":{"t1":{"lesser":0.00391829,"mean":0.00398645,"upper":0.0040546,"percentage":3.41941},"w1":{"lesser":0.000927649,"mean":0.000994257,"upper":0.00106086,"percentage":13.3984},"x1":{"lesser":0.00294928,"mean":0.00299219,"upper":0.0030351,"percentage":2.8683},"nq1":{"lesser":0.0618338,"mean":0.0668294,"upper":0.071825,"percentage":14.9504},"t2":{"lesser":0.000860686,"mean":0.000874005,"upper":0.000887324,"percentage":3.04786},"w2":{"lesser":0.000604686,"mean":0.000618005,"upper":0.000631324,"percentage":4.31039},"nq2":{"lesser":0.0128543,"mean":0.0135803,"upper":0.0143063,"percentage":10.6919},"jitterMean":{"lesser":0.0159977,"mean":0.0159983,"upper":0.0159989,"percentage":0.00758789},"jitterVariance":{"lesser":3.48978e-06,"mean":3.56246e-06,"upper":3.63514e-06,"percentage":4.08032}}},{"t1":0.00407351,"w1":0.000998927,"x1":0.00307459,"nq1":0.067523,"t2":0.000898276,"w2":0.000642276,"x2":0.000256,"nq2":0.0135937,"jitterE":0.0159968,"jitterV":3.68385e-06,"confidenceInterval":{"t1":{"lesser":0.00394449,"mean":0.00400821,"upper":0.00407193,"percentage":3.17956},"w1":{"lesser":0.000952677,"mean":0.000995424,"upper":0.00103817,"percentage":8.5888},"x1":{"lesser":0.00296097,"mean":0.00301279,"upper":0.0030646,"percentage":3.43961},"nq1":{"lesser":0.0637809,"mean":0.0670028,"upper":0.0702248,"percentage":9.61732},"t2":{"lesser":0.000864575,"mean":0.000880073,"upper":0.000895571,"percentage":3.52189},"w2":{"lesser":0.000608575,"mean":0.000624073,"upper":0.000639571,"percentage":4.96659},"nq2":{"lesser":0.0131184,"mean":0.0135836,"upper":0.0140488,"percentage":6.84933},"jitterMean":{"lesser":0.015997,"mean":0.0159979,"upper":0.0159988,"percentage":0.0109498},"jitterVariance":{"lesser":3.51309e-06,"mean":3.59281e-06,"upper":3.67252e-06,"percentage":4.43756}}},{"t1":0.00411881,"w1":0.00104577,"x1":0.00307304,"nq1":0.069882,"t2":0.00089768,"w2":0.00064168,"x2":0.000256,"nq2":0.0144953,"jitterE":0.0159993,"jitterV":3.71737e-06,"confidenceInterval":{"t1":{"lesser":0.00396581,"mean":0.00403033,"upper":0.00409485,"percentage":3.20171},"w1":{"lesser":0.000968197,"mean":0.00100549,"upper":0.00104279,"percentage":7.41869},"x1":{"lesser":0.0029798,"mean":0.00302484,"upper":0.00306988,"percentage":2.97787},"nq1":{"lesser":0.06495,"mean":0.0675787,"upper":0.0702073,"percentage":7.77963},"t2":{"lesser":0.000870213,"mean":0.000883594,"upper":0.000896976,"percentage":3.02892},"w2":{"lesser":0.000614213,"mean":0.000627594,"upper":0.000640976,"percentage":4.26444},"nq2":{"lesser":0.013265,"mean":0.013766,"upper":0.014267,"percentage":7.27842},"jitterMean":{"lesser":0.0159974,"mean":0.0159982,"upper":0.0159991,"percentage":0.0106522},"jitterVariance":{"lesser":3.54074e-06,"mean":3.61772e-06,"upper":3.6947e-06,"percentage":4.25565}}},{"t1":0.00396026,"w1":0.000975316,"x1":0.00298494,"nq1":0.0648015,"t2":0.000870632,"w2":0.000614632,"x2":0.000256,"nq2":0.0136827,"jitterE":0.0159987,"jitterV":3.50848e-06,"confidenceInterval":{"t1":{"lesser":0.00396302,"mean":0.00401865,"upper":0.00407429,"percentage":2.76888},"w1":{"lesser":0.000969516,"mean":0.00100046,"upper":0.00103141,"percentage":6.18679},"x1":{"lesser":0.00298045,"mean":0.00301819,"upper":0.00305593,"percentage":2.50082},"nq1":{"lesser":0.0648592,"mean":0.0671158,"upper":0.0693724,"percentage":6.72444},"t2":{"lesser":0.000870093,"mean":0.000881434,"upper":0.000892775,"percentage":2.57335},"w2":{"lesser":0.000614093,"mean":0.000625434,"upper":0.000636775,"percentage":3.62666},"nq2":{"lesser":0.0133568,"mean":0.0137521,"upper":0.0141474,"percentage":5.74964},"jitterMean":{"lesser":0.0159976,"mean":0.0159983,"upper":0.015999,"percentage":0.00860949},"jitterVariance":{"lesser":3.52934e-06,"mean":3.59951e-06,"upper":3.66969e-06,"percentage":3.89915}}},{"t1":0.00401657,"w1":0.000979759,"x1":0.00303682,"nq1":0.065977,"t2":0.000889607,"w2":0.000633607,"x2":0.000256,"nq2":0.0139962,"jitterE":0.0160012,"jitterV":3.61539e-06,"confidenceInterval":{"t1":{"lesser":0.00397249,"mean":0.00401836,"upper":0.00406422,"percentage":2.28266},"w1":{"lesser":0.000971388,"mean":0.000997506,"upper":0.00102362,"percentage":5.23676},"x1":{"lesser":0.00298934,"mean":0.00302085,"upper":0.00305236,"percentage":2.08643},"nq1":{"lesser":0.0650677,"mean":0.0669531,"upper":0.0688385,"percentage":5.63206},"t2":{"lesser":0.000872995,"mean":0.000882602,"upper":0.000892208,"percentage":2.17686},"w2":{"lesser":0.000616995,"mean":0.000626602,"upper":0.000636208,"percentage":3.06623},"nq2":{"lesser":0.0134545,"mean":0.013787,"upper":0.0141195,"percentage":4.82349},"jitterMean":{"lesser":0.0159977,"mean":0.0159987,"upper":0.0159997,"percentage":0.0122492},"jitterVariance":{"lesser":3.54378e-06,"mean":3.60178e-06,"upper":3.65978e-06,"percentage":3.2208}}},{"t1":0.00412759,"w1":0.0010678,"x1":0.00305979,"nq1":0.0727197,"t2":0.000903353,"w2":0.000647353,"x2":0.000256,"nq2":0.0146375,"jitterE":0.0159987,"jitterV":3.66636e-06,"confidenceInterval":{"t1":{"lesser":0.00398548,"mean":0.00403201,"upper":0.00407854,"percentage":2.30788},"w1":{"lesser":0.000978725,"mean":0.00100629,"upper":0.00103386,"percentage":5.47917},"x1":{"lesser":0.00299744,"mean":0.00302572,"upper":0.00305399,"percentage":1.86905},"nq1":{"lesser":0.0655844,"mean":0.0676739,"upper":0.0697634,"percentage":6.17526},"t2":{"lesser":0.000875711,"mean":0.000885195,"upper":0.00089468,"percentage":2.14295},"w2":{"lesser":0.000619711,"mean":0.000629195,"upper":0.00063868,"percentage":3.01486},"nq2":{"lesser":0.0135483,"mean":0.0138933,"upper":0.0142382,"percentage":4.96579},"jitterMean":{"lesser":0.0159979,"mean":0.0159987,"upper":0.0159995,"percentage":0.0104125},"jitterVariance":{"lesser":3.55831e-06,"mean":3.60985e-06,"upper":3.66139e-06,"percentage":2.85552}}},{"t1":0.00410697,"w1":0.00105316,"x1":0.00305381,"nq1":0.069495,"t2":0.000871609,"w2":0.000615609,"x2":0.000256,"nq2":0.0136516,"jitterE":0.0160031,"jitterV":3.51782e-06,"confidenceInterval":{"t1":{"lesser":0.00399712,"mean":0.00404034,"upper":0.00408356,"percentage":2.13959},"w1":{"lesser":0.000985709,"mean":0.0010115,"upper":0.00103729,"percentage":5.0996},"x1":{"lesser":0.00300361,"mean":0.00302884,"upper":0.00305407,"percentage":1.66615},"nq1":{"lesser":0.0660227,"mean":0.0678763,"upper":0.0697298,"percentage":5.46147},"t2":{"lesser":0.000874991,"mean":0.000883686,"upper":0.000892381,"percentage":1.96797},"w2":{"lesser":0.000618991,"mean":0.000627686,"upper":0.000636381,"percentage":2.7706},"nq2":{"lesser":0.0135626,"mean":0.0138664,"upper":0.0141703,"percentage":4.38212},"jitterMean":{"lesser":0.015998,"mean":0.0159992,"upper":0.0160003,"percentage":0.0143049},"jitterVariance":{"lesser":3.55107e-06,