{"samples":50000,"simulations":[{"t1":705.932,"w1":705.806,"x1":0.125504,"nq1":13636.2,"t2":0.000282599,"w2":2.65987e-05,"x2":0.000256,"nq2":0.000595116,"jitterE":0.016,"jitterV":5.08602e-10},{"t1":1028.06,"w1":1027.94,"x1":0.114355,"nq1":20842,"t2":0.000277878,"w2":2.18782e-05,"x2":0.000256,"nq2":0.000480285,"jitterE":0.0160001,"jitterV":4.70297e-10,"confidenceInterval":{"t1":{"lesser":396.693,"mean":866.993,"upper":1337.29,"percentage":108.49},"w1":{"lesser":396.557,"mean":866.874,"upper":1337.19,"percentage":108.509},"x1":{"lesser":0.103651,"mean":0.119929,"upper":0.136208,"percentage":27.1465},"nq1":{"lesser":6718.56,"mean":17239.1,"upper":27759.7,"percentage":122.054},"t2":{"lesser":0.000273346,"mean":0.000280238,"upper":0.00028713,"percentage":4.91864},"w2":{"lesser":1.73465e-05,"mean":2.42384e-05,"upper":3.11304e-05,"percentage":56.868},"nq2":{"lesser":0.000370047,"mean":0.0005377,"upper":0.000705353,"percentage":62.3594},"jitterMean":{"lesser":0.0159999,"mean":0.0160001,"upper":0.0160002,"percentage":0.002025},"jitterVariance":{"lesser":4.33525e-10,"mean":4.8945e-10,"upper":5.45374e-10,"percentage":22.852}}},{"t1":0,"w1":0,"x1":0,"nq1":28044.7,"t2":0.000277539,"w2":2.15392e-05,"x2":0.000256,"nq2":0.000461715,"jitterE":0.0160001,"jitterV":4.239e-10,"confidenceInterval":{"t1":{"lesser":-136.351,"mean":577.996,"upper":1292.34,"percentage":247.181},"w1":{"lesser":-136.344,"mean":577.916,"upper":1292.18,"percentage":247.185},"x1":{"lesser":-0.0144161,"mean":0.079953,"upper":0.174322,"percentage":236.061},"nq1":{"lesser":11053.9,"mean":20841,"upper":30628,"percentage":93.921},"t2":{"lesser":0.000275496,"mean":0.000279339,"upper":0.000283181,"percentage":2.75098},"w2":{"lesser":1.94964e-05,"mean":2.33387e-05,"upper":2.7181e-05,"percentage":32.9263},"nq2":{"lesser":0.00041421,"mean":0.000512372,"upper":0.000610534,"percentage":38.3166},"jitterMean":{"lesser":0.016,"mean":0.0160001,"upper":0.0160001,"percentage":0.000942715},"jitterVariance":{"lesser":4.09979e-10,"mean":4.676e-10,"upper":5.25221e-10,"percentage":24.6456}}},{"t1":0,"w1":0,"x1":0,"nq1":35191.3,"t2":0.000276936,"w2":2.09356e-05,"x2":0.000256,"nq2":0.000454136,"jitterE":0.016,"jitterV":5.04617e-10,"confidenceInterval":{"t1":{"lesser":-118.207,"mean":433.497,"upper":985.2,"percentage":254.536},"w1":{"lesser":-118.196,"mean":433.437,"upper":985.07,"percentage":254.539},"x1":{"lesser":-0.0140058,"mean":0.0599647,"upper":0.133935,"percentage":246.714},"nq1":{"lesser":14538.1,"mean":24428.6,"upper":34319.1,"percentage":80.9749},"t2":{"lesser":0.000275963,"mean":0.000278738,"upper":0.000281513,"percentage":1.99112},"w2":{"lesser":1.99629e-05,"mean":2.27379e-05,"upper":2.55129e-05,"percentage":24.4086},"nq2":{"lesser":0.000427678,"mean":0.000497813,"upper":0.000567947,"percentage":28.177},"jitterMean":{"lesser":0.016,"mean":0.016,"upper":0.0160001,"percentage":0.000705498},"jitterVariance":{"lesser":4.34995e-10,"mean":4.76854e-10,"upper":5.18713e-10,"percentage":17.5564}}},{"t1":0,"w1":0,"x1":0,"nq1":42574.2,"t2":0.000277682,"w2":2.16824e-05,"x2":0.000256,"nq2":0.000465885,"jitterE":0.016,"jitterV":4.7313e-10,"confidenceInterval":{"t1":{"lesser":-93.261,"mean":346.797,"upper":786.856,"percentage":253.784},"w1":{"lesser":-93.2523,"mean":346.749,"upper":786.751,"percentage":253.787},"x1":{"lesser":-0.0113286,"mean":0.0479718,"upper":0.107272,"percentage":247.23},"nq1":{"lesser":17766.7,"mean":28057.7,"upper":38348.6,"percentage":73.3556},"t2":{"lesser":0.000276451,"mean":0.000278527,"upper":0.000280602,"percentage":1.49041},"w2":{"lesser":2.04512e-05,"mean":2.25268e-05,"upper":2.46024e-05,"percentage":18.4278},"nq2":{"lesser":0.000438495,"mean":0.000491427,"upper":0.000544359,"percentage":21.5422},"jitterMean":{"lesser":0.016,"mean":0.016,"upper":0.0160001,"percentage":0.000532188},"jitterVariance":{"lesser":4.45428e-10,"mean":4.76109e-10,"upper":5.06791e-10,"percentage":12.8883}}},{"t1":0,"w1":0,"x1":0,"nq1":49654.4,"t2":0.000282553,"w2":2.6553e-05,"x2":0.000256,"nq2":0.000581127,"jitterE":0.016,"jitterV":5.27845e-10,"confidenceInterval":{"t1":{"lesser":-75.2164,"mean":288.998,"upper":653.212,"percentage":252.053},"w1":{"lesser":-75.2091,"mean":288.958,"upper":653.125,"percentage":252.055},"x1":{"lesser":-0.00922861,"mean":0.0399765,"upper":0.0891816,"percentage":246.17},"nq1":{"lesser":20953.9,"mean":31657.1,"upper":42360.4,"percentage":67.6197},"t2":{"lesser":0.000277107,"mean":0.000279198,"upper":0.000281288,"percentage":1.49755},"w2":{"lesser":2.11073e-05,"mean":2.31979e-05,"upper":2.52884e-05,"percentage":18.0238},"nq2":{"lesser":0.000455578,"mean":0.000506377,"upper":0.000557176,"percentage":20.0638},"jitterMean":{"lesser":0.016,"mean":0.016,"upper":0.0160001,"percentage":0.000423379},"jitterVariance":{"lesser":4.55335e-10,"mean":4.84732e-10,"upper":5.14129e-10,"percentage":12.1293}}},{"t1":0,"w1":0,"x1":0,"nq1":56850.8,"t2":0.000283577,"w2":2.75773e-05,"x2":0.000256,"nq2":0.000623485,"jitterE":0.0159999,"jitterV":5.51987e-10,"confidenceInterval":{"t1":{"lesser":-62.5272,"mean":247.712,"upper":557.952,"percentage":250.484},"w1":{"lesser":-62.521,"mean":247.678,"upper":557.877,"percentage":250.486},"x1":{"lesser":-0.00771201,"mean":0.0342656,"upper":0.0762431,"percentage":245.013},"nq1":{"lesser":24104.9,"mean":35256.2,"upper":46407.5,"percentage":63.2585},"t2":{"lesser":0.000277732,"mean":0.000279823,"upper":0.000281915,"percentage":1.49498},"w2":{"lesser":2.17318e-05,"mean":2.38235e-05,"upper":2.59152e-05,"percentage":17.5596},"nq2":{"lesser":0.000470587,"mean":0.000523107,"upper":0.000575627,"percentage":20.0801},"jitterMean":{"lesser":0.016,"mean":0.016,"upper":0.0160001,"percentage":0.000456639},"jitterVariance":{"lesser":4.6403e-10,"mean":4.9434e-10,"upper":5.24649e-10,"percentage":12.2626}}},{"t1":0,"w1":0,"x1":0,"nq1":63840.7,"t2":0.000280235,"w2":2.42347e-05,"x2":0.000256,"nq2":0.000538714,"jitterE":0.016,"jitterV":4.19356e-10,"confidenceInterval":{"t1":{"lesser":-53.1804,"mean":216.748,"upper":486.677,"percentage":249.071},"w1":{"lesser":-53.1751,"mean":216.718,"upper":486.612,"percentage":249.073},"x1":{"lesser":-0.00657839,"mean":0.0299824,"upper":0.0665431,"percentage":243.882},"nq1":{"lesser":27252.7,"mean":38829.3,"upper":50405.9,"percentage":59.6282},"t2":{"lesser":0.000278094,"mean":0.000279875,"upper":0.000281655,"percentage":1.27238},"w2":{"lesser":2.20943e-05,"mean":2.38749e-05,"upper":2.56554e-05,"percentage":14.9156},"nq2":{"lesser":0.000480267,"mean":0.000525058,"upper":0.000569849,"percentage":17.0614},"jitterMean":{"lesser":0.016,"mean":0.016,"upper":0.0160001,"percentage":0.00039},"jitterVariance":{"lesser":4.53859e-10,"mean":4.84967e-10,"upper":5.16075e-10,"percentage":12.8289}}},{"t1":0,"w1":0,"x1":0,"nq1":71019.9,"t2":0.000279475,"w2":2.34746e-05,"x2":0.000256,"nq2":0.000506461,"jitterE":0.0160001,"jitterV":4.32395e-10,"confidenceInterval":{"t1":{"lesser":-46.0511,"mean":192.665,"upper":431.382,"percentage":247.804},"w1":{"lesser":-46.0465,"mean":192.639,"upper":431.324,"percentage":247.806},"x1":{"lesser":-0.00570594,"mean":0.026651,"upper":0.0590079,"percentage":242.82},"nq1":{"lesser":30397.1,"mean":42406,"upper":54415,"percentage":56.638},"t2":{"lesser":0.000278281,"mean":0.00027983,"upper":0.00028138,"percentage":1.10756},"w2":{"lesser":2.22808e-05,"mean":2.38304e-05,"upper":2.53801e-05,"percentage":13.0056},"nq2":{"lesser":0.000483879,"mean":0.000522992,"upper":0.000562104,"percentage":14.9572},"jitterMean":{"lesser":0.016,"mean":0.016,"upper":0.0160001,"percentage":0.000470163},"jitterVariance":{"lesser":4.50046e-10,"mean":4.79126e-10,"upper":5.08205e-10,"percentage":12.1385}}},{"t1":0,"w1":0,"x1":0,"nq1":78354.8,"t2":0.000285059,"w2":2.90587e-05,"x2":0.000256,"nq2":0.000632393,"jitterE":0.016,"jitterV":5.28794e-10,"confidenceInterval":{"t1":{"lesser":-40.5372,"mean":173.399,"upper":387.335,"percentage":246.756},"w1":{"lesser":-40.5331,"mean":173.375,"upper":387.283,"percentage":246.758},"x1":{"lesser":-0.00502817,"mean":0.0239859,"upper":0.053,