{"samples":100000,"simulations":[{"t1":0.00341609,"w1":0.00041616,"x1":0.00299993,"nq1":0.0136484,"t2":0.000569184,"w2":0.000313184,"x2":0.000256,"nq2":0.00672988,"jitterE":0.0159998,"jitterV":1.94531e-06},{"t1":0.00344759,"w1":0.000457648,"x1":0.00298994,"nq1":0.0150132,"t2":0.000571597,"w2":0.000315597,"x2":0.000256,"nq2":0.00688646,"jitterE":0.0159999,"jitterV":1.93877e-06,"confidenceInterval":{"t1":{"lesser":0.00338586,"mean":0.00343184,"upper":0.00347782,"percentage":2.6796},"w1":{"lesser":0.000376331,"mean":0.000436904,"upper":0.000497477,"percentage":27.7281},"x1":{"lesser":0.00298034,"mean":0.00299494,"upper":0.00300953,"percentage":0.9745},"nq1":{"lesser":0.0123382,"mean":0.0143308,"upper":0.0163234,"percentage":27.8092},"t2":{"lesser":0.000566867,"mean":0.00057039,"upper":0.000573914,"percentage":1.23552},"w2":{"lesser":0.000310867,"mean":0.00031439,"upper":0.000317914,"percentage":2.24157},"nq2":{"lesser":0.00657956,"mean":0.00680817,"upper":0.00703678,"percentage":6.71585},"jitterMean":{"lesser":0.0159998,"mean":0.0159999,"upper":0.016,"percentage":0.00117669},"jitterVariance":{"lesser":1.93249e-06,"mean":1.94204e-06,"upper":1.95159e-06,"percentage":0.983544}}},{"t1":0.00340891,"w1":0.000453541,"x1":0.00295537,"nq1":0.0150541,"t2":0.000566494,"w2":0.000310494,"x2":0.000256,"nq2":0.00670688,"jitterE":0.0160011,"jitterV":1.9114e-06,"confidenceInterval":{"t1":{"lesser":0.00339625,"mean":0.0034242,"upper":0.00345215,"percentage":1.63247},"w1":{"lesser":0.000411394,"mean":0.00044245,"upper":0.000473505,"percentage":14.038},"x1":{"lesser":0.00294998,"mean":0.00298175,"upper":0.00301352,"percentage":2.13102},"nq1":{"lesser":0.013485,"mean":0.0145719,"upper":0.0156587,"percentage":14.9171},"t2":{"lesser":0.000565624,"mean":0.000569092,"upper":0.00057256,"percentage":1.2188},"w2":{"lesser":0.000309624,"mean":0.000313092,"upper":0.00031656,"percentage":2.21536},"nq2":{"lesser":0.00664165,"mean":0.00677441,"upper":0.00690716,"percentage":3.91936},"jitterMean":{"lesser":0.0159993,"mean":0.0160003,"upper":0.0160013,"percentage":0.0123028},"jitterVariance":{"lesser":1.90739e-06,"mean":1.93183e-06,"upper":1.95626e-06,"percentage":2.53009}}},{"t1":0.00346184,"w1":0.000423561,"x1":0.00303828,"nq1":0.0140044,"t2":0.00057787,"w2":0.00032187,"x2":0.000256,"nq2":0.00706122,"jitterE":0.0159998,"jitterV":2.00196e-06,"confidenceInterval":{"t1":{"lesser":0.00340672,"mean":0.00343361,"upper":0.0034605,"percentage":1.56637},"w1":{"lesser":0.000415429,"mean":0.000437728,"upper":0.000460027,"percentage":10.1885},"x1":{"lesser":0.00295952,"mean":0.00299588,"upper":0.00303224,"percentage":2.42741},"nq1":{"lesser":0.0136708,"mean":0.01443,"upper":0.0151892,"percentage":10.5225},"t2":{"lesser":0.000566106,"mean":0.000571286,"upper":0.000576466,"percentage":1.81341},"w2":{"lesser":0.000310106,"mean":0.000315286,"upper":0.000320466,"percentage":3.28584},"nq2":{"lesser":0.00667117,"mean":0.00684611,"upper":0.00702105,"percentage":5.11064},"jitterMean":{"lesser":0.0159995,"mean":0.0160002,"upper":0.0160009,"percentage":0.00863185},"jitterVariance":{"lesser":1.90883e-06,"mean":1.94936e-06,"upper":1.98989e-06,"percentage":4.15818}}},{"t1":0.00345818,"w1":0.000424891,"x1":0.00303329,"nq1":0.0139033,"t2":0.000573591,"w2":0.000317591,"x2":0.000256,"nq2":0.00690265,"jitterE":0.0160008,"jitterV":1.97144e-06,"confidenceInterval":{"t1":{"lesser":0.00341648,"mean":0.00343852,"upper":0.00346056,"percentage":1.28175},"w1":{"lesser":0.000418035,"mean":0.00043516,"upper":0.000452285,"percentage":7.87061},"x1":{"lesser":0.00297277,"mean":0.00300336,"upper":0.00303395,"percentage":2.03716},"nq1":{"lesser":0.0137297,"mean":0.0143247,"upper":0.0149196,"percentage":8.30667},"t2":{"lesser":0.000567843,"mean":0.000571747,"upper":0.000575651,"percentage":1.36571},"w2":{"lesser":0.000311843,"mean":0.000315747,"upper":0.000319651,"percentage":2.47299},"nq2":{"lesser":0.00672733,"mean":0.00685742,"upper":0.0069875,"percentage":3.79393},"jitterMean":{"lesser":0.0159997,"mean":0.0160003,"upper":0.0160009,"percentage":0.0071539},"jitterVariance":{"lesser":1.9228e-06,"mean":1.95378e-06,"upper":1.98475e-06,"percentage":3.17097}}}],"confidenceInterval":{"t1":{"lesser":0.00341648,"mean":0.00343852,"upper":0.00346056,"percentage":1.28175},"w1":{"lesser":0.000418035,"mean":0.00043516,"upper":0.000452285,"percentage":7.87061},"x1":{"lesser":0.00297277,"mean":0.00300336,"upper":0.00303395,"percentage":2.03716},"nq1":{"lesser":0.0137297,"mean":0.0143247,"upper":0.0149196,"percentage":8.30667},"t2":{"lesser":0.000567843,"mean":0.000571747,"upper":0.000575651,"percentage":1.36571},"w2":{"lesser":0.000311843,"mean":0.000315747,"upper":0.000319651,"percentage":2.47299},"nq2":{"lesser":0.00672733,"mean":0.00685742,"upper":0.0069875,"percentage":3.79393},"jitterMean":{"lesser":0.0159997,"mean":0.0160003,"upper":0.0160009,"percentage":0.0071539},"jitterVariance":{"lesser":1.9228e-06,"mean":1.95378e-06,"upper":1.98475e-06,"percentage":3.17097}}}
