{"samples":100000,"simulations":[{"t1":289.014,"w1":288.894,"x1":0.120151,"nq1":6222.32,"t2":0.000280932,"w2":2.49325e-05,"x2":0.000256,"nq2":0.000554629,"jitterE":0.016,"jitterV":4.79936e-10},{"t1":585.885,"w1":585.77,"x1":0.115508,"nq1":12280.5,"t2":0.000280475,"w2":2.44754e-05,"x2":0.000256,"nq2":0.000529301,"jitterE":0.0159999,"jitterV":4.53939e-10,"confidenceInterval":{"t1":{"lesser":4.0173,"mean":437.45,"upper":870.882,"percentage":198.163},"w1":{"lesser":3.8927,"mean":437.332,"upper":870.771,"percentage":198.22},"x1":{"lesser":0.111052,"mean":0.117829,"upper":0.124607,"percentage":11.5045},"nq1":{"lesser":406.462,"mean":9251.41,"upper":18096.4,"percentage":191.213},"t2":{"lesser":0.000280037,"mean":0.000280704,"upper":0.000281371,"percentage":0.475466},"w2":{"lesser":2.40366e-05,"mean":2.4704e-05,"upper":2.53713e-05,"percentage":5.40259},"nq2":{"lesser":0.000504986,"mean":0.000541965,"upper":0.000578944,"percentage":13.6463},"jitterMean":{"lesser":0.0159998,"mean":0.0159999,"upper":0.0160001,"percentage":0.00203921},"jitterVariance":{"lesser":4.28982e-10,"mean":4.66937e-10,"upper":5.04892e-10,"percentage":16.257}}},{"t1":864.401,"w1":864.268,"x1":0.133055,"nq1":18631.4,"t2":0.00027945,"w2":2.34502e-05,"x2":0.000256,"nq2":0.000512248,"jitterE":0.0159999,"jitterV":4.34009e-10,"confidenceInterval":{"t1":{"lesser":188.867,"mean":579.767,"upper":970.666,"percentage":134.847},"w1":{"lesser":188.753,"mean":579.644,"upper":970.535,"percentage":134.873},"x1":{"lesser":0.110553,"mean":0.122905,"upper":0.135256,"percentage":20.0989},"nq1":{"lesser":3948.39,"mean":12378.1,"upper":20807.7,"percentage":136.203},"t2":{"lesser":0.000279255,"mean":0.000280286,"upper":0.000281317,"percentage":0.735835},"w2":{"lesser":2.32548e-05,"mean":2.4286e-05,"upper":2.53172e-05,"percentage":8.4923},"nq2":{"lesser":0.000503089,"mean":0.000532059,"upper":0.000561029,"percentage":10.8897},"jitterMean":{"lesser":0.0159999,"mean":0.0159999,"upper":0.016,"percentage":0.000964676},"jitterVariance":{"lesser":4.24675e-10,"mean":4.55961e-10,"upper":4.87247e-10,"percentage":13.7232}}},{"t1":0,"w1":0,"x1":0,"nq1":24904.1,"t2":0.000278683,"w2":2.26828e-05,"x2":0.000256,"nq2":0.000492587,"jitterE":0.0160001,"jitterV":4.7565e-10,"confidenceInterval":{"t1":{"lesser":37.0635,"mean":434.825,"upper":832.587,"percentage":182.952},"w1":{"lesser":37.0256,"mean":434.733,"upper":832.44,"percentage":182.966},"x1":{"lesser":0.0261941,"mean":0.0921785,"upper":0.158163,"percentage":143.167},"nq1":{"lesser":6922.21,"mean":15509.6,"upper":24096.9,"percentage":110.736},"t2":{"lesser":0.000278805,"mean":0.000279885,"upper":0.000280965,"percentage":0.771851},"w2":{"lesser":2.28051e-05,"mean":2.38852e-05,"upper":2.49654e-05,"percentage":9.0445},"nq2":{"lesser":0.000494135,"mean":0.000522191,"upper":0.000550247,"percentage":10.7455},"jitterMean":{"lesser":0.0159999,"mean":0.016,"upper":0.016,"percentage":0.000957582},"jitterVariance":{"lesser":4.38258e-10,"mean":4.60883e-10,"upper":4.83509e-10,"percentage":9.81842}}},{"t1":0,"w1":0,"x1":0,"nq1":31300.8,"t2":0.000279199,"w2":2.31991e-05,"x2":0.000256,"nq2":0.000503425,"jitterE":0.0160001,"jitterV":4.44796e-10,"confidenceInterval":{"t1":{"lesser":8.00331,"mean":347.86,"upper":687.717,"percentage":195.399},"w1":{"lesser":7.98282,"mean":347.786,"upper":687.59,"percentage":195.409},"x1":{"lesser":0.0128045,"mean":0.0737428,"upper":0.134681,"percentage":165.273},"nq1":{"lesser":9722.34,"mean":18667.8,"upper":27613.3,"percentage":95.8384},"t2":{"lesser":0.00027891,"mean":0.000279748,"upper":0.000280586,"percentage":0.598904},"w2":{"lesser":2.29103e-05,"mean":2.3748e-05,"upper":2.45857e-05,"percentage":7.055},"nq2":{"lesser":0.00049655,"mean":0.000518438,"upper":0.000540325,"percentage":8.44369},"jitterMean":{"lesser":0.0159999,"mean":0.016,"upper":0.0160001,"percentage":0.00100407},"jitterVariance":{"lesser":4.39878e-10,"mean":4.57666e-10,"upper":4.75454e-10,"percentage":7.7732}}}],"confidenceInterval":{"t1":{"lesser":8.00331,"mean":347.86,"upper":687.717,"percentage":195.399},"w1":{"lesser":7.98282,"mean":347.786,"upper":687.59,"percentage":195.409},"x1":{"lesser":0.0128045,"mean":0.0737428,"upper":0.134681,"percentage":165.273},"nq1":{"lesser":9722.34,"mean":18667.8,"upper":27613.3,"percentage":95.8384},"t2":{"lesser":0.00027891,"mean":0.000279748,"upper":0.000280586,"percentage":0.598904},"w2":{"lesser":2.29103e-05,"mean":2.3748e-05,"upper":2.45857e-05,"percentage":7.055},"nq2":{"lesser":0.00049655,"mean":0.000518438,"upper":0.000540325,"percentage":8.44369},"jitterMean":{"lesser":0.0159999,"mean":0.016,"upper":0.0160001,"percentage":0.00100407},"jitterVariance":{"lesser":4.39878e-10,"mean":4.57666e-10,"upper":4.75454e-10,"percentage":7.7732}}}
