{"samples":100000,"simulations":[{"t1":131.203,"w1":131.075,"x1":0.12819,"nq1":2616.94,"t2":0.000282142,"w2":2.6142e-05,"x2":0.000256,"nq2":0.000580521,"jitterE":0.016,"jitterV":5.54608e-10},{"t1":229.245,"w1":229.116,"x1":0.129543,"nq1":4425.6,"t2":0.000282,"w2":2.60003e-05,"x2":0.000256,"nq2":0.000565155,"jitterE":0.0160001,"jitterV":4.94026e-10,"confidenceInterval":{"t1":{"lesser":37.0833,"mean":180.224,"upper":323.365,"percentage":158.848},"w1":{"lesser":36.9564,"mean":180.095,"upper":323.234,"percentage":158.959},"x1":{"lesser":0.126891,"mean":0.128867,"upper":0.130842,"percentage":3.06554},"nq1":{"lesser":880.625,"mean":3521.27,"upper":6161.92,"percentage":149.983},"t2":{"lesser":0.000281864,"mean":0.000282071,"upper":0.000282278,"percentage":0.146628},"w2":{"lesser":2.58644e-05,"mean":2.60712e-05,"upper":2.62779e-05,"percentage":1.58641},"nq2":{"lesser":0.000550404,"mean":0.000572838,"upper":0.000595272,"percentage":7.8326},"jitterMean":{"lesser":0.0159999,"mean":0.016,"upper":0.0160001,"percentage":0.00115445},"jitterVariance":{"lesser":4.35867e-10,"mean":5.24317e-10,"upper":6.12766e-10,"percentage":33.739}}},{"t1":333.153,"w1":333.035,"x1":0.118786,"nq1":6423.5,"t2":0.000280859,"w2":2.48592e-05,"x2":0.000256,"nq2":0.000540971,"jitterE":0.016,"jitterV":4.83947e-10,"confidenceInterval":{"t1":{"lesser":94.0062,"mean":231.201,"upper":368.395,"percentage":118.68},"w1":{"lesser":93.8742,"mean":231.075,"upper":368.276,"percentage":118.75},"x1":{"lesser":0.117547,"mean":0.125507,"upper":0.133466,"percentage":12.6838},"nq1":{"lesser":1902,"mean":4488.68,"upper":7075.37,"percentage":115.254},"t2":{"lesser":0.000280712,"mean":0.000281667,"upper":0.000282623,"percentage":0.678412},"w2":{"lesser":2.47117e-05,"mean":2.56672e-05,"upper":2.66226e-05,"percentage":7.44477},"nq2":{"lesser":0.000535129,"mean":0.000562216,"upper":0.000589302,"percentage":9.63561},"jitterMean":{"lesser":0.016,"mean":0.016,"upper":0.0160001,"percentage":0.000553858},"jitterVariance":{"lesser":4.58938e-10,"mean":5.1086e-10,"upper":5.62782e-10,"percentage":20.3273}}},{"t1":424.445,"w1":424.329,"x1":0.116005,"nq1":8432.55,"t2":0.000279409,"w2":2.34091e-05,"x2":0.000256,"nq2":0.000511362,"jitterE":0.016,"jitterV":4.38342e-10,"confidenceInterval":{"t1":{"lesser":144.104,"mean":279.512,"upper":414.919,"percentage":96.8885},"w1":{"lesser":143.975,"mean":279.389,"upper":414.802,"percentage":96.9359},"x1":{"lesser":0.115944,"mean":0.123131,"upper":0.130318,"percentage":11.6736},"nq1":{"lesser":2797.84,"mean":5474.65,"upper":8151.45,"percentage":97.7891},"t2":{"lesser":0.000279752,"mean":0.000281103,"upper":0.000282453,"percentage":0.960696},"w2":{"lesser":2.37524e-05,"mean":2.51027e-05,"upper":2.64529e-05,"percentage":10.758},"nq2":{"lesser":0.000517317,"mean":0.000549502,"upper":0.000581687,"percentage":11.7142},"jitterMean":{"lesser":0.016,"mean":0.016,"upper":0.016,"percentage":0.000502997},"jitterVariance":{"lesser":4.41734e-10,"mean":4.92731e-10,"upper":5.43727e-10,"percentage":20.6996}}},{"t1":511.781,"w1":511.642,"x1":0.138771,"nq1":10447.5,"t2":0.000279514,"w2":2.35143e-05,"x2":0.000256,"nq2":0.000509611,"jitterE":0.0160001,"jitterV":4.78967e-10,"confidenceInterval":{"t1":{"lesser":189.626,"mean":325.965,"upper":462.305,"percentage":83.653},"w1":{"lesser":189.5,"mean":325.839,"upper":462.178,"percentage":83.6849},"x1":{"lesser":0.118049,"mean":0.126259,"upper":0.13447,"percentage":13.0057},"nq1":{"lesser":3666.27,"mean":6469.21,"upper":9272.15,"percentage":86.6547},"t2":{"lesser":0.000279607,"mean":0.000280785,"upper":0.000281963,"percentage":0.838841},"w2":{"lesser":2.36073e-05,"mean":2.4785e-05,"upper":2.59627e-05,"percentage":9.50309},"nq2":{"lesser":0.000513,"mean":0.000541524,"upper":0.000570048,"percentage":10.5347},"jitterMean":{"lesser":0.016,"mean":0.016,"upper":0.0160001,"percentage":0.000509057},"jitterVariance":{"lesser":4.52234e-10,"mean":4.89978e-10,"upper":5.27722e-10,"percentage":15.4063}}}],"confidenceInterval":{"t1":{"lesser":189.626,"mean":325.965,"upper":462.305,"percentage":83.653},"w1":{"lesser":189.5,"mean":325.839,"upper":462.178,"percentage":83.6849},"x1":{"lesser":0.118049,"mean":0.126259,"upper":0.13447,"percentage":13.0057},"nq1":{"lesser":3666.27,"mean":6469.21,"upper":9272.15,"percentage":86.6547},"t2":{"lesser":0.000279607,"mean":0.000280785,"upper":0.000281963,"percentage":0.838841},"w2":{"lesser":2.36073e-05,"mean":2.4785e-05,"upper":2.59627e-05,"percentage":9.50309},"nq2":{"lesser":0.000513,"mean":0.000541524,"upper":0.000570048,"percentage":10.5347},"jitterMean":{"lesser":0.016,"mean":0.016,"upper":0.0160001,"percentage":0.000509057},"jitterVariance":{"lesser":4.52234e-10,"mean":4.89978e-10,"upper":5.27722e-10,"percentage":15.4063}}}
