{"samples":50000,"simulations":[{"t1":220.803,"w1":220.693,"x1":0.11025,"nq1":4664.71,"t2":0.00027817,"w2":2.217e-05,"x2":0.000256,"nq2":0.000472952,"jitterE":0.016,"jitterV":4.74065e-10},{"t1":376.85,"w1":376.719,"x1":0.131134,"nq1":7908.04,"t2":0.000282491,"w2":2.64907e-05,"x2":0.000256,"nq2":0.000592887,"jitterE":0.0160001,"jitterV":5.21882e-10,"confidenceInterval":{"t1":{"lesser":70.9981,"mean":298.827,"upper":526.655,"percentage":152.482},"w1":{"lesser":70.9079,"mean":298.706,"upper":526.504,"percentage":152.523},"x1":{"lesser":0.0902002,"mean":0.120692,"upper":0.151184,"percentage":50.5282},"nq1":{"lesser":1551.11,"mean":6286.37,"upper":11021.6,"percentage":150.652},"t2":{"lesser":0.000274022,"mean":0.00028033,"upper":0.000286638,"percentage":4.50049},"w2":{"lesser":1.80222e-05,"mean":2.43303e-05,"upper":3.06385e-05,"percentage":51.854},"nq2":{"lesser":0.000357815,"mean":0.000532919,"upper":0.000708024,"percentage":65.7151},"jitterMean":{"lesser":0.0159999,"mean":0.0160001,"upper":0.0160002,"percentage":0.00222937},"jitterVariance":{"lesser":4.2816e-10,"mean":4.97974e-10,"upper":5.67787e-10,"percentage":28.039}}},{"t1":551.717,"w1":551.591,"x1":0.125307,"nq1":10959.7,"t2":0.000278827,"w2":2.2827e-05,"x2":0.000256,"nq2":0.000495849,"jitterE":0.0159999,"jitterV":4.72625e-10,"confidenceInterval":{"t1":{"lesser":158.228,"mean":383.123,"upper":608.018,"percentage":117.401},"w1":{"lesser":158.116,"mean":383.001,"upper":607.886,"percentage":117.433},"x1":{"lesser":0.10759,"mean":0.12223,"upper":0.136871,"percentage":23.9558},"nq1":{"lesser":3567.59,"mean":7844.15,"upper":12120.7,"percentage":109.038},"t2":{"lesser":0.000276666,"mean":0.000279829,"upper":0.000282992,"percentage":2.26052},"w2":{"lesser":2.06664e-05,"mean":2.38292e-05,"upper":2.6992e-05,"percentage":26.5455},"nq2":{"lesser":0.000434064,"mean":0.000520563,"upper":0.000607062,"percentage":33.2329},"jitterMean":{"lesser":0.0159999,"mean":0.016,"upper":0.0160001,"percentage":0.00155467},"jitterVariance":{"lesser":4.51442e-10,"mean":4.89524e-10,"upper":5.27606e-10,"percentage":15.5587}}},{"t1":711.353,"w1":711.217,"x1":0.136236,"nq1":13990.6,"t2":0.000282784,"w2":2.67837e-05,"x2":0.000256,"nq2":0.000574273,"jitterE":0.016,"jitterV":4.9486e-10,"confidenceInterval":{"t1":{"lesser":238.536,"mean":465.181,"upper":691.825,"percentage":97.4437},"w1":{"lesser":238.42,"mean":465.055,"upper":691.69,"percentage":97.4659},"x1":{"lesser":0.113744,"mean":0.125732,"upper":0.13772,"percentage":19.0692},"nq1":{"lesser":5109.93,"mean":9380.78,"upper":13651.6,"percentage":91.0552},"t2":{"lesser":0.000278002,"mean":0.000280568,"upper":0.000283134,"percentage":1.82937},"w2":{"lesser":2.20015e-05,"mean":2.45679e-05,"upper":2.71342e-05,"percentage":20.8916},"nq2":{"lesser":0.000471614,"mean":0.00053399,"upper":0.000596367,"percentage":23.3625},"jitterMean":{"lesser":0.0159999,"mean":0.016,"upper":0.0160001,"percentage":0.000996275},"jitterVariance":{"lesser":4.66294e-10,"mean":4.90858e-10,"upper":5.15422e-10,"percentage":10.0086}}},{"t1":884.29,"w1":884.164,"x1":0.12564,"nq1":16953.2,"t2":0.000279967,"w2":2.39672e-05,"x2":0.000256,"nq2":0.000519304,"jitterE":0.0160002,"jitterV":4.32219e-10,"confidenceInterval":{"t1":{"lesser":312.236,"mean":549.003,"upper":785.769,"percentage":86.2533},"w1":{"lesser":312.115,"mean":548.877,"upper":785.638,"percentage":86.2712},"x1":{"lesser":0.116937,"mean":0.125714,"upper":0.13449,"percentage":13.9625},"nq1":{"lesser":6526.21,"mean":10895.3,"upper":15264.3,"percentage":80.2009},"t2":{"lesser":0.000278553,"mean":0.000280448,"upper":0.000282342,"percentage":1.35091},"w2":{"lesser":2.25534e-05,"mean":2.44477e-05,"upper":2.6342e-05,"percentage":15.4967},"nq2":{"lesser":0.000485006,"mean":0.000531053,"upper":0.0005771,"percentage":17.3418},"jitterMean":{"lesser":0.016,"mean":0.016,"upper":0.0160001,"percentage":0.00109806},"jitterVariance":{"lesser":4.49435e-10,"mean":4.7913e-10,"upper":5.08826e-10,"percentage":12.3957}}},{"t1":993.222,"w1":993.106,"x1":0.115641,"nq1":20173.9,"t2":0.000280019,"w2":2.40187e-05,"x2":0.000256,"nq2":0.000522338,"jitterE":0.016,"jitterV":4.26814e-10,"confidenceInterval":{"t1":{"lesser":387.576,"mean":623.039,"upper":858.502,"percentage":75.5853},"w1":{"lesser":387.453,"mean":622.915,"upper":858.377,"percentage":75.6},"x1":{"lesser":0.116394,"mean":0.124035,"upper":0.131676,"percentage":12.3209},"nq1":{"lesser":7874.32,"mean":12441.7,"upper":17009.1,"percentage":73.4206},"t2":{"lesser":0.000278878,"mean":0.000280376,"upper":0.000281874,"percentage":1.06848},"w2":{"lesser":2.28783e-05,"mean":2.43762e-05,"upper":2.58741e-05,"percentage":12.2897},"nq2":{"lesser":0.000493237,"mean":0.000529601,"upper":0.000565964,"percentage":13.7325},"jitterMean":{"lesser":0.016,"mean":0.016,"upper":0.0160001,"percentage":0.000915248},"jitterVariance":{"lesser":4.41538e-10,"mean":4.70411e-10,"upper":4.99284e-10,"percentage":12.2757}}},{"t1":0,"w1":0,"x1":0,"nq1":23196.1,"t2":0.000285413,"w2":2.94128e-05,"x2":0.000256,"nq2":0.000654894,"jitterE":0.016,"jitterV":5.65633e-10,"confidenceInterval":{"t1":{"lesser":276.9,"mean":534.034,"upper":791.167,"percentage":96.2986},"w1":{"lesser":276.816,"mean":533.927,"upper":791.038,"percentage":96.3093},"x1":{"lesser":0.0721519,"mean":0.106315,"upper":0.140479,"percentage":64.2683},"nq1":{"lesser":9218.88,"mean":13978,"upper":18737.2,"percentage":68.0949},"t2":{"lesser":0.000279256,"mean":0.000281096,"upper":0.000282935,"percentage":1.30876},"w2":{"lesser":2.32563e-05,"mean":2.50957e-05,"upper":2.69352e-05,"percentage":14.6593},"nq2":{"lesser":0.000502235,"mean":0.0005475,"upper":0.000592764,"percentage":16.5351},"jitterMean":{"lesser":0.016,"mean":0.016,"upper":0.0160001,"percentage":0.000755923},"jitterVariance":{"lesser":4.4893e-10,"mean":4.84014e-10,"upper":5.19098e-10,"percentage":14.4972}}},{"t1":0,"w1":0,"x1":0,"nq1":26470.5,"t2":0.00028293,"w2":2.69299e-05,"x2":0.000256,"nq2":0.000595753,"jitterE":0.016,"jitterV":5.34964e-10,"confidenceInterval":{"t1":{"lesser":215.904,"mean":467.279,"upper":718.655,"percentage":107.591},"w1":{"lesser":215.84,"mean":467.186,"upper":718.533,"percentage":107.6},"x1":{"lesser":0.0548905,"mean":0.093026,"upper":0.131162,"percentage":81.989},"nq1":{"lesser":10559.5,"mean":15539.6,"upper":20519.7,"percentage":64.0959},"t2":{"lesser":0.000279704,"mean":0.000281325,"upper":0.000282946,"percentage":1.15218},"w2":{"lesser":2.37043e-05,"mean":2.5325e-05,"upper":2.69457e-05,"percentage":12.7991},"nq2":{"lesser":0.000513453,"mean":0.000553531,"upper":0.00059361,"percentage":14.4811},"jitterMean":{"lesser":0.016,"mean":0.016,"upper":0.0160001,"percentage":0.000668978},"jitterVariance":{"lesser":4.58294e-10,"mean":4.90383e-10,"upper":5.22472e-10,"percentage":13.0874}}},{"t1":0,"w1":0,"x1":0,"nq1":29769,"t2":0.000280741,"w2":2.47405e-05,"x2":0.000256,"nq2":0.000563334,"jitterE":0.016,"jitterV":4.75501e-10,"confidenceInterval":{"t1":{"lesser":177.057,"mean":415.359,"upper":653.662,"percentage":114.745},"w1":{"lesser":177.004,"mean":415.277,"upper":653.549,"percentage":114.753},"x1":{"lesser":0.0445126,"mean":0.0826898,"upper":0.120867,"percentage":92.3384},"nq1":{"lesser":11911.7,"mean":17120.6,"upper":22329.6,"percentage":60.8496},"t2":{"lesser":0.000279846,"mean":0.00028126,"upper":0.000282674,"percentage":1.00518},"w2":{"lesser":2.38465e-05,"mean":2.52601e-05,"upper":2.66736e-05,"percentage":11.1922},"nq2":{"lesser":0.00051973,"mean":0.000554621,"upper":0.000589511,"percentage":12.5816},"jitterMean":{"lesser":0.016,"mean":0.016,"upper":0.0160001,"percentage":0.000581419},"jitterVariance":{"lesser":4.60676e-10,"mean":4.88729e-10,"upper":5.16783e-10,"percentage":11.4802}}},{"t1":0,"w1":0,"x1":0,"nq1":33017.8,"t2":0.000276804,"w2":2.08037e-05,"x2":0.000256,"nq2":0.000455481,"jitterE":0.0160001,"jitterV":4.20245e-10,"confidenceInterval":{"t1":{"lesser":150.082,"mean":373.823,"upper":597.565,"percentage":119.704},"w1":{"lesser":150.038,"mean":373.749,"upper":597.46,"percentage":119.712},"x1":{"lesser":0.0374893,