{"samples":100000,"simulations":[{"t1":0.0112118,"w1":0.00819989,"x1":0.00301188,"nq1":1.63805,"t2":0.0020915,"w2":0.0018355,"x2":0.000256,"nq2":0.040737,"jitterE":0.0159997,"jitterV":6.12516e-06},{"t1":0.0105321,"w1":0.00752476,"x1":0.00300736,"nq1":1.48072,"t2":0.00203623,"w2":0.00178023,"x2":0.000256,"nq2":0.0394134,"jitterE":0.016005,"jitterV":6.09693e-06,"confidenceInterval":{"t1":{"lesser":0.00987965,"mean":0.0108719,"upper":0.0118642,"percentage":18.2542},"w1":{"lesser":0.00687664,"mean":0.00786233,"upper":0.00884802,"percentage":25.0737},"x1":{"lesser":0.00300301,"mean":0.00300962,"upper":0.00301622,"percentage":0.43903},"nq1":{"lesser":1.32968,"mean":1.55939,"upper":1.78909,"percentage":29.4611},"t2":{"lesser":0.00198317,"mean":0.00206386,"upper":0.00214455,"percentage":7.81953},"w2":{"lesser":0.00172717,"mean":0.00180786,"upper":0.00188855,"percentage":8.9268},"nq2":{"lesser":0.0381427,"mean":0.0400752,"upper":0.0420076,"percentage":9.64408},"jitterMean":{"lesser":0.0159947,"mean":0.0160023,"upper":0.01601,"percentage":0.0958275},"jitterVariance":{"lesser":6.06982e-06,"mean":6.11105e-06,"upper":6.15227e-06,"percentage":1.34932}}},{"t1":0.0106967,"w1":0.00767557,"x1":0.00302117,"nq1":1.52705,"t2":0.00207967,"w2":0.00182367,"x2":0.000256,"nq2":0.0397933,"jitterE":0.0160038,"jitterV":6.15589e-06,"confidenceInterval":{"t1":{"lesser":0.0103319,"mean":0.0108135,"upper":0.0112952,"percentage":8.90872},"w1":{"lesser":0.00731867,"mean":0.00780008,"upper":0.00828148,"percentage":12.3437},"x1":{"lesser":0.0030039,"mean":0.00301347,"upper":0.00302303,"percentage":0.634927},"nq1":{"lesser":1.43877,"mean":1.54861,"upper":1.65844,"percentage":14.1853},"t2":{"lesser":0.00202959,"mean":0.00206913,"upper":0.00210867,"percentage":3.82151},"w2":{"lesser":0.00177359,"mean":0.00181313,"upper":0.00185267,"percentage":4.36107},"nq2":{"lesser":0.0390554,"mean":0.0399812,"upper":0.0409071,"percentage":4.63134},"jitterMean":{"lesser":0.0159991,"mean":0.0160028,"upper":0.0160066,"percentage":0.0467717},"jitterVariance":{"lesser":6.08593e-06,"mean":6.12599e-06,"upper":6.16606e-06,"percentage":1.30795}}},{"t1":0.0107782,"w1":0.00779033,"x1":0.0029879,"nq1":1.55687,"t2":0.00207961,"w2":0.00182361,"x2":0.000256,"nq2":0.0402096,"jitterE":0.0160021,"jitterV":6.11499e-06,"confidenceInterval":{"t1":{"lesser":0.0104955,"mean":0.0108047,"upper":0.0111139,"percentage":5.72304},"w1":{"lesser":0.00748916,"mean":0.00779764,"upper":0.00810612,"percentage":7.91211},"x1":{"lesser":0.00299213,"mean":0.00300708,"upper":0.00302202,"percentage":0.993821},"nq1":{"lesser":1.48016,"mean":1.55067,"upper":1.62118,"percentage":9.09408},"t2":{"lesser":0.00204581,"mean":0.00207175,"upper":0.00209769,"percentage":2.50409},"w2":{"lesser":0.00178981,"mean":0.00181575,"upper":0.00184169,"percentage":2.85714},"nq2":{"lesser":0.0394328,"mean":0.0400383,"upper":0.0406439,"percentage":3.02479},"jitterMean":{"lesser":0.0160002,"mean":0.0160026,"upper":0.0160051,"percentage":0.0303264},"jitterVariance":{"lesser":6.09691e-06,"mean":6.12324e-06,"upper":6.14957e-06,"percentage":0.859975}}},{"t1":0.0105426,"w1":0.00753621,"x1":0.00300642,"nq1":1.48962,"t2":0.00205964,"w2":0.00180364,"x2":0.000256,"nq2":0.0383894,"jitterE":0.016002,"jitterV":6.19133e-06,"confidenceInterval":{"t1":{"lesser":0.0105025,"mean":0.0107523,"upper":0.0110021,"percentage":4.64603},"w1":{"lesser":0.00749615,"mean":0.00774535,"upper":0.00799455,"percentage":6.43484},"x1":{"lesser":0.002996,"mean":0.00300694,"upper":0.00301789,"percentage":0.727811},"nq1":{"lesser":1.48128,"mean":1.53846,"upper":1.59565,"percentage":7.43389},"t2":{"lesser":0.00204972,"mean":0.00206933,"upper":0.00208894,"percentage":1.89506},"w2":{"lesser":0.00179372,"mean":0.00181333,"upper":0.00183294,"percentage":2.1626},"nq2":{"lesser":0.0389097,"mean":0.0397085,"upper":0.0405073,"percentage":4.02344},"jitterMean":{"lesser":0.0160007,"mean":0.0160025,"upper":0.0160043,"percentage":0.0224196},"jitterVariance":{"lesser":6.10333e-06,"mean":6.13686e-06,"upper":6.17039e-06,"percentage":1.09284}}}],"confidenceInterval":{"t1":{"lesser":0.0105025,"mean":0.0107523,"upper":0.0110021,"percentage":4.64603},"w1":{"lesser":0.00749615,"mean":0.00774535,"upper":0.00799455,"percentage":6.43484},"x1":{"lesser":0.002996,"mean":0.00300694,"upper":0.00301789,"percentage":0.727811},"nq1":{"lesser":1.48128,"mean":1.53846,"upper":1.59565,"percentage":7.43389},"t2":{"lesser":0.00204972,"mean":0.00206933,"upper":0.00208894,"percentage":1.89506},"w2":{"lesser":0.00179372,"mean":0.00181333,"upper":0.00183294,"percentage":2.1626},"nq2":{"lesser":0.0389097,"mean":0.0397085,"upper":0.0405073,"percentage":4.02344},"jitterMean":{"lesser":0.0160007,"mean":0.0160025,"upper":0.0160043,"percentage":0.0224196},"jitterVariance":{"lesser":6.10333e-06,"mean":6.13686e-06,"upper":6.17039e-06,"percentage":1.09284}}}
