{"samples":100000,"simulations":[{"t1":0.00479989,"w1":0.00176456,"x1":0.00303533,"nq1":0.178492,"t2":0.00119735,"w2":0.000941346,"x2":0.000256,"nq2":0.0206032,"jitterE":0.0160011,"jitterV":4.89268e-06},{"t1":0.00468706,"w1":0.00168845,"x1":0.00299862,"nq1":0.166335,"t2":0.001155,"w2":0.000899002,"x2":0.000256,"nq2":0.0196713,"jitterE":0.0159991,"jitterV":4.6863e-06,"confidenceInterval":{"t1":{"lesser":0.00457875,"mean":0.00474347,"upper":0.0049082,"percentage":6.94524},"w1":{"lesser":0.00161537,"mean":0.0017265,"upper":0.00183763,"percentage":12.8733},"x1":{"lesser":0.00296338,"mean":0.00301697,"upper":0.00307057,"percentage":3.55283},"nq1":{"lesser":0.154663,"mean":0.172414,"upper":0.190164,"percentage":20.5905},"t2":{"lesser":0.00111435,"mean":0.00117617,"upper":0.001238,"percentage":10.5126},"w2":{"lesser":0.000858351,"mean":0.000920174,"upper":0.000981997,"percentage":13.4373},"nq2":{"lesser":0.0187767,"mean":0.0201373,"upper":0.0214978,"percentage":13.5127},"jitterMean":{"lesser":0.0159972,"mean":0.0160001,"upper":0.0160031,"percentage":0.0368007},"jitterVariance":{"lesser":4.48818e-06,"mean":4.78949e-06,"upper":5.0908e-06,"percentage":12.5821}}},{"t1":0.00479894,"w1":0.00177622,"x1":0.00302271,"nq1":0.174621,"t2":0.00116443,"w2":0.000908432,"x2":0.000256,"nq2":0.0200222,"jitterE":0.0160006,"jitterV":4.71635e-06,"confidenceInterval":{"t1":{"lesser":0.00467384,"mean":0.00476196,"upper":0.00485008,"percentage":3.70105},"w1":{"lesser":0.00167832,"mean":0.00174308,"upper":0.00180784,"percentage":7.43059},"x1":{"lesser":0.00299355,"mean":0.00301888,"upper":0.00304422,"percentage":1.67859},"nq1":{"lesser":0.164712,"mean":0.173149,"upper":0.181587,"percentage":9.74625},"t2":{"lesser":0.00114206,"mean":0.00117226,"upper":0.00120246,"percentage":5.15262},"w2":{"lesser":0.000886059,"mean":0.00091626,"upper":0.000946461,"percentage":6.59225},"nq2":{"lesser":0.0194595,"mean":0.0200989,"upper":0.0207383,"percentage":6.36235},"jitterMean":{"lesser":0.0159989,"mean":0.0160003,"upper":0.0160017,"percentage":0.0176452},"jitterVariance":{"lesser":4.61364e-06,"mean":4.76511e-06,"upper":4.91657e-06,"percentage":6.35727}}},{"t1":0.00473523,"w1":0.00171565,"x1":0.00301958,"nq1":0.170619,"t2":0.00116768,"w2":0.000911681,"x2":0.000256,"nq2":0.0197896,"jitterE":0.0159995,"jitterV":4.71025e-06,"confidenceInterval":{"t1":{"lesser":0.00469705,"mean":0.00475528,"upper":0.00481351,"percentage":2.44903},"w1":{"lesser":0.00169223,"mean":0.00173622,"upper":0.00178021,"percentage":5.06759},"x1":{"lesser":0.00300282,"mean":0.00301906,"upper":0.0030353,"percentage":1.07568},"nq1":{"lesser":0.166945,"mean":0.172517,"upper":0.178089,"percentage":6.45938},"t2":{"lesser":0.00115161,"mean":0.00117112,"upper":0.00119062,"percentage":3.33066},"w2":{"lesser":0.000895612,"mean":0.000915115,"upper":0.000934618,"percentage":4.2624},"nq2":{"lesser":0.01958,"mean":0.0200216,"upper":0.0204632,"percentage":4.411},"jitterMean":{"lesser":0.0159991,"mean":0.0160001,"upper":0.0160011,"percentage":0.0123906},"jitterVariance":{"lesser":4.65004e-06,"mean":4.75139e-06,"upper":4.85275e-06,"percentage":4.2662}}},{"t1":0.00468882,"w1":0.00167647,"x1":0.00301235,"nq1":0.163489,"t2":0.00114035,"w2":0.000884347,"x2":0.000256,"nq2":0.0191007,"jitterE":0.0160014,"jitterV":4.61895e-06,"confidenceInterval":{"t1":{"lesser":0.00469164,"mean":0.00474199,"upper":0.00479233,"percentage":2.12331},"w1":{"lesser":0.00168406,"mean":0.00172427,"upper":0.00176448,"percentage":4.66421},"x1":{"lesser":0.00300553,"mean":0.00301772,"upper":0.00302991,"percentage":0.807963},"nq1":{"lesser":0.165246,"mean":0.170711,"upper":0.176177,"percentage":6.40344},"t2":{"lesser":0.00114605,"mean":0.00116496,"upper":0.00118387,"percentage":3.24655},"w2":{"lesser":0.000890051,"mean":0.000908962,"upper":0.000927872,"percentage":4.1609},"nq2":{"lesser":0.0193452,"mean":0.0198374,"upper":0.0203296,"percentage":4.96217},"jitterMean":{"lesser":0.0159994,"mean":0.0160003,"upper":0.0160012,"percentage":0.0112922},"jitterVariance":{"lesser":4.6335e-06,"mean":4.72491e-06,"upper":4.81631e-06,"percentage":3.86896}}}],"confidenceInterval":{"t1":{"lesser":0.00469164,"mean":0.00474199,"upper":0.00479233,"percentage":2.12331},"w1":{"lesser":0.00168406,"mean":0.00172427,"upper":0.00176448,"percentage":4.66421},"x1":{"lesser":0.00300553,"mean":0.00301772,"upper":0.00302991,"percentage":0.807963},"nq1":{"lesser":0.165246,"mean":0.170711,"upper":0.176177,"percentage":6.40344},"t2":{"lesser":0.00114605,"mean":0.00116496,"upper":0.00118387,"percentage":3.24655},"w2":{"lesser":0.000890051,"mean":0.000908962,"upper":0.000927872,"percentage":4.1609},"nq2":{"lesser":0.0193452,"mean":0.0198374,"upper":0.0203296,"percentage":4.96217},"jitterMean":{"lesser":0.0159994,"mean":0.0160003,"upper":0.0160012,"percentage":0.0112922},"jitterVariance":{"lesser":4.6335e-06,"mean":4.72491e-06,"upper":4.81631e-06,"percentage":3.86896}}}
