{"samples":50000,"simulations":[{"t1":0.0102831,"w1":0.00727898,"x1":0.00300408,"nq1":1.45019,"t2":0.00204077,"w2":0.00178477,"x2":0.000256,"nq2":0.0383816,"jitterE":0.0160029,"jitterV":6.09076e-06},{"t1":0.0104622,"w1":0.00746146,"x1":0.0030007,"nq1":1.47328,"t2":0.00205416,"w2":0.00179816,"x2":0.000256,"nq2":0.0400832,"jitterE":0.0159983,"jitterV":6.06026e-06,"confidenceInterval":{"t1":{"lesser":0.0101111,"mean":0.0103726,"upper":0.0106341,"percentage":5.04173},"w1":{"lesser":0.0071038,"mean":0.00737022,"upper":0.00763663,"percentage":7.22951},"x1":{"lesser":0.00299746,"mean":0.00300239,"upper":0.00300733,"percentage":0.328797},"nq1":{"lesser":1.42801,"mean":1.46173,"upper":1.49545,"percentage":4.61364},"t2":{"lesser":0.00202791,"mean":0.00204746,"upper":0.00206702,"percentage":1.90974},"w2":{"lesser":0.00177191,"mean":0.00179146,"upper":0.00181102,"percentage":2.18264},"nq2":{"lesser":0.0367482,"mean":0.0392324,"upper":0.0417167,"percentage":12.6643},"jitterMean":{"lesser":0.0159939,"mean":0.0160006,"upper":0.0160073,"percentage":0.0835313},"jitterVariance":{"lesser":6.03098e-06,"mean":6.07551e-06,"upper":6.12004e-06,"percentage":1.46586}}},{"t1":0.0114288,"w1":0.00835867,"x1":0.00307017,"nq1":1.64091,"t2":0.00209294,"w2":0.00183694,"x2":0.000256,"nq2":0.0397813,"jitterE":0.0159991,"jitterV":6.23222e-06,"confidenceInterval":{"t1":{"lesser":0.00988737,"mean":0.0107247,"upper":0.011562,"percentage":15.6148},"w1":{"lesser":0.00691458,"mean":0.0076997,"upper":0.00848482,"percentage":20.3935},"x1":{"lesser":0.00297178,"mean":0.00302499,"upper":0.0030782,"percentage":3.51802},"nq1":{"lesser":1.38005,"mean":1.52146,"upper":1.66286,"percentage":18.588},"t2":{"lesser":0.00202581,"mean":0.00206262,"upper":0.00209944,"percentage":3.56955},"w2":{"lesser":0.00176981,"mean":0.00180662,"upper":0.00184344,"percentage":4.07536},"nq2":{"lesser":0.038182,"mean":0.0394154,"upper":0.0406487,"percentage":6.2582},"jitterMean":{"lesser":0.0159968,"mean":0.0160001,"upper":0.0160034,"percentage":0.0417015},"jitterVariance":{"lesser":6.0031e-06,"mean":6.12774e-06,"upper":6.25239e-06,"percentage":4.06823}}},{"t1":0.0109544,"w1":0.00796174,"x1":0.00299267,"nq1":1.56488,"t2":0.00204492,"w2":0.00178892,"x2":0.000256,"nq2":0.0392701,"jitterE":0.0159977,"jitterV":6.14741e-06,"confidenceInterval":{"t1":{"lesser":0.0102319,"mean":0.0107821,"upper":0.0113324,"percentage":10.2069},"w1":{"lesser":0.00724316,"mean":0.00776521,"upper":0.00828726,"percentage":13.4459},"x1":{"lesser":0.00297871,"mean":0.00301691,"upper":0.0030551,"percentage":2.53216},"nq1":{"lesser":1.43881,"mean":1.53231,"upper":1.62582,"percentage":12.2046},"t2":{"lesser":0.00203279,"mean":0.0020582,"upper":0.0020836,"percentage":2.4686},"w2":{"lesser":0.00177679,"mean":0.0018022,"upper":0.0018276,"percentage":2.81926},"nq2":{"lesser":0.0385851,"mean":0.039379,"upper":0.040173,"percentage":4.0325},"jitterMean":{"lesser":0.015997,"mean":0.0159995,"upper":0.016002,"percentage":0.0312455},"jitterVariance":{"lesser":6.05212e-06,"mean":6.13266e-06,"upper":6.2132e-06,"percentage":2.62674}}},{"t1":0.0111423,"w1":0.00813229,"x1":0.00300999,"nq1":1.62423,"t2":0.00208649,"w2":0.00183049,"x2":0.000256,"nq2":0.0407479,"jitterE":0.0160014,"jitterV":6.03741e-06,"confidenceInterval":{"t1":{"lesser":0.010426,"mean":0.0108541,"upper":0.0112823,"percentage":7.88989},"w1":{"lesser":0.00742881,"mean":0.00783863,"upper":0.00824845,"percentage":10.4564},"x1":{"lesser":0.00298742,"mean":0.00301552,"upper":0.00304362,"percentage":1.8638},"nq1":{"lesser":1.47286,"mean":1.5507,"upper":1.62853,"percentage":10.0385},"t2":{"lesser":0.00204204,"mean":0.00206386,"upper":0.00208567,"percentage":2.11403},"w2":{"lesser":0.00178604,"mean":0.00180786,"upper":0.00182967,"percentage":2.41338},"nq2":{"lesser":0.0388514,"mean":0.0396528,"upper":0.0404542,"percentage":4.04195},"jitterMean":{"lesser":0.0159979,"mean":0.0159999,"upper":0.0160019,"percentage":0.0248009},"jitterVariance":{"lesser":6.04325e-06,"mean":6.11361e-06,"upper":6.18397e-06,"percentage":2.30172}}},{"t1":0.0118967,"w1":0.00885334,"x1":0.00304334,"nq1":1.78319,"t2":0.00214896,"w2":0.00189296,"x2":0.000256,"nq2":0.0424012,"jitterE":0.0159961,"jitterV":6.11354e-06,"confidenceInterval":{"t1":{"lesser":0.0105508,"mean":0.0110279,"upper":0.011505,"percentage":8.65267},"w1":{"lesser":0.00754722,"mean":0.00800775,"upper":0.00846827,"percentage":11.502},"x1":{"lesser":0.00299627,"mean":0.00302016,"upper":0.00304405,"percentage":1.58192},"nq1":{"lesser":1.49237,"mean":1.58944,"upper":1.68652,"percentage":12.2151},"t2":{"lesser":0.00204557,"mean":0.00207804,"upper":0.00211051,"percentage":3.12532},"w2":{"lesser":0.00178957,"mean":0.00182204,"upper":0.00185451,"percentage":3.56443},"nq2":{"lesser":0.0390199,"mean":0.0401109,"upper":0.0412019,"percentage":5.43981},"jitterMean":{"lesser":0.0159972,"mean":0.0159992,"upper":0.0160012,"percentage":0.0248864},"jitterVariance":{"lesser":6.0582e-06,"mean":6.1136e-06,"upper":6.16899e-06,"percentage":1.8122}}},{"t1":0.0109766,"w1":0.007957,"x1":0.00301957,"nq1":1.5799,"t2":0.00208437,"w2":0.00182837,"x2":0.000256,"nq2":0.0404413,"jitterE":0.0160057,"jitterV":6.00771e-06,"confidenceInterval":{"t1":{"lesser":0.0106271,"mean":0.0110206,"upper":0.0114141,"percentage":7.14138},"w1":{"lesser":0.00762065,"mean":0.0080005,"upper":0.00838035,"percentage":9.49564},"x1":{"lesser":0.00300038,"mean":0.00302007,"upper":0.00303976,"percentage":1.30401},"nq1":{"lesser":1.50802,"mean":1.58808,"upper":1.66814,"percentage":10.0825},"t2":{"lesser":0.00205212,"mean":0.00207894,"upper":0.00210576,"percentage":2.58027},"w2":{"lesser":0.00179612,"mean":0.00182294,"upper":0.00184976,"percentage":2.94262},"nq2":{"lesser":0.0392544,"mean":0.0401581,"upper":0.0410618,"percentage":4.50073},"jitterMean":{"lesser":0.0159978,"mean":0.0160002,"upper":0.0160026,"percentage":0.0301175},"jitterVariance":{"lesser":6.04456e-06,"mean":6.09847e-06,"upper":6.15238e-06,"percentage":1.76809}}},{"t1":0.0116941,"w1":0.0087118,"x1":0.00298227,"nq1":1.75091,"t2":0.00207507,"w2":0.00181907,"x2":0.000256,"nq2":0.0395713,"jitterE":0.0160015,"jitterV":6.1101e-06,"confidenceInterval":{"t1":{"lesser":0.0107354,"mean":0.0111048,"upper":0.0114741,"percentage":6.65181},"w1":{"lesser":0.00772664,"mean":0.00808941,"upper":0.00845218,"percentage":8.96905},"x1":{"lesser":0.00299644,"mean":0.00301535,"upper":0.00303425,"percentage":1.25392},"nq1":{"lesser":1.53056,"mean":1.60843,"upper":1.68631,"percentage":9.6832},"t2":{"lesser":0.00205564,"mean":0.00207846,"upper":0.00210128,"percentage":2.19553},"w2":{"lesser":0.00179964,"mean":0.00182246,"upper":0.00184528,"percentage":2.50394},"nq2":{"lesser":0.0393046,"mean":0.0400847,"upper":0.0408649,"percentage":3.89272},"jitterMean":{"lesser":0.0159983,"mean":0.0160003,"upper":0.0160024,"percentage":0.0259062},"jitterVariance":{"lesser":6.05402e-06,"mean":6.09993e-06,"upper":6.14583e-06,"percentage":1.50519}}},{"t1":0.0105635,"w1":0.00757136,"x1":0.00299217,"nq1":1.49719,"t2":0.00204235,"w2":0.00178635,"x2":0.000256,"nq2":0.0410174,"jitterE":0.0160009,"jitterV":5.91615e-06,"confidenceInterval":{"t1":{"lesser":0.0107052,"mean":0.0110446,"upper":0.011384,"percentage":6.14585},"w1":{"lesser":0.00769937,"mean":0.00803185,"upper":0.00836432,"percentage":8.27894},"x1":{"lesser":0.00299568,"mean":0.00301277,"upper":0.00302987,"percentage":1.13485},"nq1":{"lesser":1.5247,"mean":1.59607,"upper":1.66745,"percentage":8.94361},"t2":{"lesser":0.0020533,"mean":0.00207445,"upper":0.0020956,"percentage":2.03907},"w2":{"lesser":0.0017973,"mean":0.00181845,"upper":0.0018396,"percentage":2.32613},"nq2":{"lesser":0.0394842,"mean":0.0401884,"upper":0.0408926,"percentage":3.5044},"jitterMean":{"lesser":0.0159986,"mean":0.0160004,"upper":0.0160022,"percentage":0.0225672},"jitterVariance":{"lesser":6.0248e-06,"mean":6.07951e-06,"upper":6.13421e-06,"percentage":1.79972}}},{"t1":0.0120858,"w1":0.00907271,"x1":0.00301306,"nq1":1.8107,"t2":0.00208326,"w2":0.00182726,"x2":0.000256,"nq2":0.0397108,