{"samples":100000,"simulations":[{"t1":0.0186186,"w1":0.0156045,"x1":0.00301404,"nq1":3.64324,"t2":0.00240463,"w2":0.00214863,"x2":0.000256,"nq2":0.0470608,"jitterE":0.0160014,"jitterV":5.98339e-06},{"t1":0.0168189,"w1":0.0138229,"x1":0.00299599,"nq1":3.17064,"t2":0.00234701,"w2":0.00209101,"x2":0.000256,"nq2":0.0468273,"jitterE":0.0159978,"jitterV":6.11608e-06,"confidenceInterval":{"t1":{"lesser":0.0150911,"mean":0.0177187,"upper":0.0203463,"percentage":29.6588},"w1":{"lesser":0.0121125,"mean":0.0147137,"upper":0.0173149,"percentage":35.3578},"x1":{"lesser":0.00297866,"mean":0.00300501,"upper":0.00303137,"percentage":1.75396},"nq1":{"lesser":2.71694,"mean":3.40694,"upper":4.09694,"percentage":40.5056},"t2":{"lesser":0.00229171,"mean":0.00237582,"upper":0.00245993,"percentage":7.08077},"w2":{"lesser":0.00203571,"mean":0.00211982,"upper":0.00220393,"percentage":7.93587},"nq2":{"lesser":0.0466031,"mean":0.0469441,"upper":0.047285,"percentage":1.45249},"jitterMean":{"lesser":0.0159943,"mean":0.0159996,"upper":0.0160048,"percentage":0.0657461},"jitterVariance":{"lesser":5.85601e-06,"mean":6.04973e-06,"upper":6.24346e-06,"percentage":6.40443}}},{"t1":0.019684,"w1":0.0166772,"x1":0.00300679,"nq1":3.84516,"t2":0.00237131,"w2":0.00211531,"x2":0.000256,"nq2":0.0467345,"jitterE":0.0160002,"jitterV":5.94437e-06,"confidenceInterval":{"t1":{"lesser":0.0164065,"mean":0.0183738,"upper":0.0203412,"percentage":21.4146},"w1":{"lesser":0.0134096,"mean":0.0153682,"upper":0.0173269,"percentage":25.4897},"x1":{"lesser":0.00299327,"mean":0.0030056,"upper":0.00301794,"percentage":0.821079},"nq1":{"lesser":3.08271,"mean":3.55301,"upper":4.02332,"percentage":26.4737},"t2":{"lesser":0.00233503,"mean":0.00237432,"upper":0.00241361,"percentage":3.30976},"w2":{"lesser":0.00207903,"mean":0.00211832,"upper":0.00215761,"percentage":3.70975},"nq2":{"lesser":0.0466458,"mean":0.0468742,"upper":0.0471026,"percentage":0.974668},"jitterMean":{"lesser":0.0159973,"mean":0.0159998,"upper":0.0160023,"percentage":0.0311633},"jitterVariance":{"lesser":5.89233e-06,"mean":6.01461e-06,"upper":6.1369e-06,"percentage":4.06619}}},{"t1":0.0197844,"w1":0.0167747,"x1":0.00300962,"nq1":3.91357,"t2":0.00236314,"w2":0.00210714,"x2":0.000256,"nq2":0.0449136,"jitterE":0.016003,"jitterV":5.91813e-06,"confidenceInterval":{"t1":{"lesser":0.0172588,"mean":0.0187264,"upper":0.0201941,"percentage":15.6746},"w1":{"lesser":0.0142581,"mean":0.0157198,"upper":0.0171816,"percentage":18.5978},"x1":{"lesser":0.00299842,"mean":0.00300661,"upper":0.0030148,"percentage":0.544855},"nq1":{"lesser":3.28576,"mean":3.64315,"upper":4.00054,"percentage":19.6198},"t2":{"lesser":0.00234565,"mean":0.00237152,"upper":0.00239739,"percentage":2.18169},"w2":{"lesser":0.00208965,"mean":0.00211552,"upper":0.00214139,"percentage":2.4457},"nq2":{"lesser":0.0453289,"mean":0.0463841,"upper":0.0474392,"percentage":4.54974},"jitterMean":{"lesser":0.0159982,"mean":0.0160006,"upper":0.0160029,"percentage":0.0293126},"jitterVariance":{"lesser":5.89678e-06,"mean":5.99049e-06,"upper":6.08421e-06,"percentage":3.12881}}},{"t1":0.0170809,"w1":0.0140835,"x1":0.00299741,"nq1":3.24312,"t2":0.0023382,"w2":0.0020822,"x2":0.000256,"nq2":0.0446731,"jitterE":0.0159964,"jitterV":6.02693e-06,"confidenceInterval":{"t1":{"lesser":0.0171347,"mean":0.0183973,"upper":0.01966,"percentage":13.7261},"w1":{"lesser":0.0141356,"mean":0.0153926,"upper":0.0166496,"percentage":16.3327},"x1":{"lesser":0.00299772,"mean":0.00300477,"upper":0.00301182,"percentage":0.469227},"nq1":{"lesser":3.25583,"mean":3.56315,"upper":3.87046,"percentage":17.2499},"t2":{"lesser":0.00234164,"mean":0.00236486,"upper":0.00238808,"percentage":1.96358},"w2":{"lesser":0.00208564,"mean":0.00210886,"upper":0.00213208,"percentage":2.20194},"nq2":{"lesser":0.0450064,"mean":0.0460419,"upper":0.0470773,"percentage":4.49792},"jitterMean":{"lesser":0.0159973,"mean":0.0159997,"upper":0.0160021,"percentage":0.029945},"jitterVariance":{"lesser":5.92762e-06,"mean":5.99778e-06,"upper":6.06794e-06,"percentage":2.3396}}}],"confidenceInterval":{"t1":{"lesser":0.0171347,"mean":0.0183973,"upper":0.01966,"percentage":13.7261},"w1":{"lesser":0.0141356,"mean":0.0153926,"upper":0.0166496,"percentage":16.3327},"x1":{"lesser":0.00299772,"mean":0.00300477,"upper":0.00301182,"percentage":0.469227},"nq1":{"lesser":3.25583,"mean":3.56315,"upper":3.87046,"percentage":17.2499},"t2":{"lesser":0.00234164,"mean":0.00236486,"upper":0.00238808,"percentage":1.96358},"w2":{"lesser":0.00208564,"mean":0.00210886,"upper":0.00213208,"percentage":2.20194},"nq2":{"lesser":0.0450064,"mean":0.0460419,"upper":0.0470773,"percentage":4.49792},"jitterMean":{"lesser":0.0159973,"mean":0.0159997,"upper":0.0160021,"percentage":0.029945},"jitterVariance":{"lesser":5.92762e-06,"mean":5.99778e-06,"upper":6.06794e-06,"percentage":2.3396}}}
