{"samples":50000,"simulations":[{"t1":0.00741663,"w1":0.00439712,"x1":0.00301951,"nq1":0.725374,"t2":0.0017714,"w2":0.0015154,"x2":0.000256,"nq2":0.0328244,"jitterE":0.015996,"jitterV":5.96402e-06},{"t1":0.00806134,"w1":0.00503394,"x1":0.0030274,"nq1":0.832739,"t2":0.00180188,"w2":0.00154588,"x2":0.000256,"nq2":0.0343173,"jitterE":0.0160085,"jitterV":6.04609e-06,"confidenceInterval":{"t1":{"lesser":0.0067977,"mean":0.00773898,"upper":0.00868027,"percentage":24.3258},"w1":{"lesser":0.00378577,"mean":0.00471553,"upper":0.00564529,"percentage":39.434},"x1":{"lesser":0.00301193,"mean":0.00302346,"upper":0.00303498,"percentage":0.7624},"nq1":{"lesser":0.622304,"mean":0.779057,"upper":0.93581,"percentage":40.2417},"t2":{"lesser":0.00174214,"mean":0.00178664,"upper":0.00183114,"percentage":4.98157},"w2":{"lesser":0.00148614,"mean":0.00153064,"upper":0.00157514,"percentage":5.81474},"nq2":{"lesser":0.0313912,"mean":0.0335708,"upper":0.0357505,"percentage":12.9855},"jitterMean":{"lesser":0.015984,"mean":0.0160023,"upper":0.0160205,"percentage":0.228539},"jitterVariance":{"lesser":5.88524e-06,"mean":6.00505e-06,"upper":6.12487e-06,"percentage":3.99042}}},{"t1":0.00770506,"w1":0.00463546,"x1":0.0030696,"nq1":0.769343,"t2":0.00180951,"w2":0.00155351,"x2":0.000256,"nq2":0.0331881,"jitterE":0.0159978,"jitterV":6.07764e-06,"confidenceInterval":{"t1":{"lesser":0.00728894,"mean":0.00772768,"upper":0.00816641,"percentage":11.3548},"w1":{"lesser":0.00425174,"mean":0.00468884,"upper":0.00512594,"percentage":18.6442},"x1":{"lesser":0.00300225,"mean":0.00303884,"upper":0.00307543,"percentage":2.40818},"nq1":{"lesser":0.702494,"mean":0.775819,"upper":0.849144,"percentage":18.9026},"t2":{"lesser":0.00176687,"mean":0.00179426,"upper":0.00182166,"percentage":3.05342},"w2":{"lesser":0.00151087,"mean":0.00153826,"upper":0.00156566,"percentage":3.56158},"nq2":{"lesser":0.0323857,"mean":0.0334433,"upper":0.0345008,"percentage":6.32458},"jitterMean":{"lesser":0.0159916,"mean":0.0160008,"upper":0.01601,"percentage":0.114971},"jitterVariance":{"lesser":5.94957e-06,"mean":6.02925e-06,"upper":6.10893e-06,"percentage":2.6431}}},{"t1":0.00790117,"w1":0.00485739,"x1":0.00304378,"nq1":0.793933,"t2":0.00176619,"w2":0.00151019,"x2":0.000256,"nq2":0.0333374,"jitterE":0.0159995,"jitterV":6.02039e-06,"confidenceInterval":{"t1":{"lesser":0.00747514,"mean":0.00777105,"upper":0.00806696,"percentage":7.61578},"w1":{"lesser":0.00443687,"mean":0.00473098,"upper":0.00502508,"percentage":12.4331},"x1":{"lesser":0.00301648,"mean":0.00304007,"upper":0.00306367,"percentage":1.55199},"nq1":{"lesser":0.732387,"mean":0.780347,"upper":0.828308,"percentage":12.2921},"t2":{"lesser":0.00176418,"mean":0.00178725,"upper":0.00181031,"percentage":2.58069},"w2":{"lesser":0.00150818,"mean":0.00153125,"upper":0.00155431,"percentage":3.01215},"nq2":{"lesser":0.0327369,"mean":0.0334168,"upper":0.0340967,"percentage":4.06937},"jitterMean":{"lesser":0.0159945,"mean":0.0160004,"upper":0.0160064,"percentage":0.074175},"jitterVariance":{"lesser":5.97577e-06,"mean":6.02704e-06,"upper":6.0783e-06,"percentage":1.70126}}},{"t1":0.00786247,"w1":0.00481765,"x1":0.00304482,"nq1":0.792847,"t2":0.00178836,"w2":0.00153236,"x2":0.000256,"nq2":0.0343847,"jitterE":0.0160008,"jitterV":6.00175e-06,"confidenceInterval":{"t1":{"lesser":0.00756959,"mean":0.00778933,"upper":0.00800908,"percentage":5.6422},"w1":{"lesser":0.00453019,"mean":0.00474831,"upper":0.00496644,"percentage":9.18746},"x1":{"lesser":0.00302365,"mean":0.00304102,"upper":0.0030584,"percentage":1.14277},"nq1":{"lesser":0.747376,"mean":0.782847,"upper":0.818318,"percentage":9.06204},"t2":{"lesser":0.00177058,"mean":0.00178747,"upper":0.00180436,"percentage":1.88973},"w2":{"lesser":0.00151458,"mean":0.00153147,"upper":0.00154836,"percentage":2.20562},"nq2":{"lesser":0.032978,"mean":0.0336104,"upper":0.0342427,"percentage":3.76306},"jitterMean":{"lesser":0.0159962,"mean":0.0160005,"upper":0.0160049,"percentage":0.0543241},"jitterVariance":{"lesser":5.98309e-06,"mean":6.02198e-06,"upper":6.06087e-06,"percentage":1.29163}}},{"t1":0.00783633,"w1":0.00479318,"x1":0.00304314,"nq1":0.789755,"t2":0.00181816,"w2":0.00156216,"x2":0.000256,"nq2":0.0353931,"jitterE":0.0160003,"jitterV":6.0852e-06,"confidenceInterval":{"t1":{"lesser":0.00762349,"mean":0.00779717,"upper":0.00797084,"percentage":4.4549},"w1":{"lesser":0.00458344,"mean":0.00475579,"upper":0.00492814,"percentage":7.24792},"x1":{"lesser":0.00302768,"mean":0.00304138,"upper":0.00305507,"percentage":0.900755},"nq1":{"lesser":0.755982,"mean":0.783999,"upper":0.812015,"percentage":7.14708},"t2":{"lesser":0.00177598,"mean":0.00179258,"upper":0.00180919,"percentage":1.85217},"w2":{"lesser":0.00151998,"mean":0.00153658,"upper":0.00155319,"percentage":2.16074},"nq2":{"lesser":0.0331451,"mean":0.0339075,"upper":0.0346698,"percentage":4.49672},"jitterMean":{"lesser":0.015997,"mean":0.0160005,"upper":0.0160039,"percentage":0.0427807},"jitterVariance":{"lesser":5.99568e-06,"mean":6.03252e-06,"upper":6.06935e-06,"percentage":1.22116}}},{"t1":0.00793432,"w1":0.00493145,"x1":0.00300288,"nq1":0.832385,"t2":0.00179628,"w2":0.00154028,"x2":0.000256,"nq2":0.0341312,"jitterE":0.0160036,"jitterV":5.97079e-06,"confidenceInterval":{"t1":{"lesser":0.00766886,"mean":0.00781676,"upper":0.00796466,"percentage":3.78406},"w1":{"lesser":0.00463107,"mean":0.00478088,"upper":0.00493069,"percentage":6.26704},"x1":{"lesser":0.00302051,"mean":0.00303588,"upper":0.00305124,"percentage":1.01229},"nq1":{"lesser":0.764361,"mean":0.790911,"upper":0.817461,"percentage":6.71367},"t2":{"lesser":0.00177939,"mean":0.00179311,"upper":0.00180683,"percentage":1.53032},"w2":{"lesser":0.00152339,"mean":0.00153711,"upper":0.00155083,"percentage":1.78519},"nq2":{"lesser":0.0333081,"mean":0.0339394,"upper":0.0345708,"percentage":3.72021},"jitterMean":{"lesser":0.015998,"mean":0.0160009,"upper":0.0160039,"percentage":0.0367894},"jitterVariance":{"lesser":5.98904e-06,"mean":6.0237e-06,"upper":6.05835e-06,"percentage":1.15063}}},{"t1":0.00800396,"w1":0.00500627,"x1":0.0029977,"nq1":0.851696,"t2":0.00180824,"w2":0.00155224,"x2":0.000256,"nq2":0.0328814,"jitterE":0.016001,"jitterV":5.90545e-06,"confidenceInterval":{"t1":{"lesser":0.00770712,"mean":0.00784016,"upper":0.0079732,"percentage":3.39373},"w1":{"lesser":0.00467135,"mean":0.00480906,"upper":0.00494676,"percentage":5.72683},"x1":{"lesser":0.00301531,"mean":0.0030311,"upper":0.0030469,"percentage":1.04203},"nq1":{"lesser":0.771881,"mean":0.798509,"upper":0.825137,"percentage":6.66939},"t2":{"lesser":0.00178282,"mean":0.001795,"upper":0.00180718,"percentage":1.35723},"w2":{"lesser":0.00152682,"mean":0.001539,"upper":0.00155118,"percentage":1.58299},"nq2":{"lesser":0.0332169,"mean":0.0338072,"upper":0.0343975,"percentage":3.49232},"jitterMean":{"lesser":0.0159984,"mean":0.0160009,"upper":0.0160034,"percentage":0.0312736},"jitterVariance":{"lesser":5.96862e-06,"mean":6.00892e-06,"upper":6.04921e-06,"percentage":1.34116}}},{"t1":0.00780791,"w1":0.00477217,"x1":0.00303574,"nq1":0.793281,"t2":0.0017768,"w2":0.0015208,"x2":0.000256,"nq2":0.0333574,"jitterE":0.0159975,"jitterV":5.99364e-06,"confidenceInterval":{"t1":{"lesser":0.00772077,"mean":0.00783658,"upper":0.00795239,"percentage":2.95565},"w1":{"lesser":0.00468504,"mean":0.00480496,"upper":0.00492487,"percentage":4.99132},"x1":{"lesser":0.00301786,"mean":0.00303162,"upper":0.00304538,"percentage":0.907628},"nq1":{"lesser":0.774761,"mean":0.797928,"upper":0.821095,"percentage":5.80682},"t2":{"lesser":0.00178176,"mean":0.00179298,"upper":0.0018042,"percentage":1.25121},"w2":{"lesser":0.00152576,"mean":0.00153698,"upper":0.0015482,"percentage":1.45961},"nq2":{"lesser":0.033236,"mean":0.0337572,"upper":0.0342784,"percentage":3.0878},"jitterMean":{"lesser":0.0159983,"mean":0.0160005,"upper":0.0160028,"percentage":0.0285817},"jitterVariance":{"lesser":5.97206e-06,"mean":6.00722e-06,"upper":6.04238e-06,"percentage":1.17054}}},{"t1":0.00702899,"w1":0.00404445,"x1":0.00298455,