{"samples":100000,"simulations":[{"t1":1062.44,"w1":1062.33,"x1":0.111201,"nq1":32307.5,"t2":0.000282851,"w2":2.68513e-05,"x2":0.000256,"nq2":0.000594461,"jitterE":0.016,"jitterV":4.7656e-10},{"t1":0,"w1":0,"x1":0,"nq1":56125.1,"t2":0.000279646,"w2":2.36455e-05,"x2":0.000256,"nq2":0.00052013,"jitterE":0.0160001,"jitterV":4.62283e-10,"confidenceInterval":{"t1":{"lesser":-1019.94,"mean":531.218,"upper":2082.38,"percentage":584},"w1":{"lesser":-1019.83,"mean":531.163,"upper":2082.16,"percentage":584},"x1":{"lesser":-0.106753,"mean":0.0556007,"upper":0.217955,"percentage":584},"nq1":{"lesser":9442.53,"mean":44216.3,"upper":78990.1,"percentage":157.289},"t2":{"lesser":0.000276568,"mean":0.000281248,"upper":0.000285929,"percentage":3.32832},"w2":{"lesser":2.0568e-05,"mean":2.52484e-05,"upper":2.99289e-05,"percentage":37.075},"nq2":{"lesser":0.000448772,"mean":0.000557296,"upper":0.000665819,"percentage":38.9464},"jitterMean":{"lesser":0.016,"mean":0.0160001,"upper":0.0160001,"percentage":0.000304635},"jitterVariance":{"lesser":4.48577e-10,"mean":4.69421e-10,"upper":4.90266e-10,"percentage":8.88078}}},{"t1":0,"w1":0,"x1":0,"nq1":79770.8,"t2":0.000282357,"w2":2.63575e-05,"x2":0.000256,"nq2":0.0005864,"jitterE":0.016,"jitterV":4.96441e-10,"confidenceInterval":{"t1":{"lesser":-479.159,"mean":354.145,"upper":1187.45,"percentage":470.6},"w1":{"lesser":-479.109,"mean":354.108,"upper":1187.33,"percentage":470.6},"x1":{"lesser":-0.0501519,"mean":0.0370671,"upper":0.124286,"percentage":470.6},"nq1":{"lesser":23828.2,"mean":56067.8,"upper":88307.4,"percentage":115.002},"t2":{"lesser":0.000279273,"mean":0.000281618,"upper":0.000283963,"percentage":1.66527},"w2":{"lesser":2.32733e-05,"mean":2.56181e-05,"upper":2.7963e-05,"percentage":18.3062},"nq2":{"lesser":0.000511587,"mean":0.000566997,"upper":0.000622407,"percentage":19.5451},"jitterMean":{"lesser":0.016,"mean":0.0160001,"upper":0.0160001,"percentage":0.000152683},"jitterVariance":{"lesser":4.55122e-10,"mean":4.78428e-10,"upper":5.01734e-10,"percentage":9.74272}}},{"t1":0,"w1":0,"x1":0,"nq1":103494,"t2":0.000277745,"w2":2.17455e-05,"x2":0.000256,"nq2":0.000468812,"jitterE":0.0159999,"jitterV":4.46219e-10,"confidenceInterval":{"t1":{"lesser":-300.669,"mean":265.609,"upper":831.888,"percentage":426.4},"w1":{"lesser":-300.638,"mean":265.581,"upper":831.801,"percentage":426.4},"x1":{"lesser":-0.03147,"mean":0.0278004,"upper":0.0870707,"percentage":426.4},"nq1":{"lesser":35280.2,"mean":67924.3,"upper":100568,"percentage":96.1191},"t2":{"lesser":0.000278097,"mean":0.00028065,"upper":0.000283203,"percentage":1.81932},"w2":{"lesser":2.2097e-05,"mean":2.465e-05,"upper":2.72029e-05,"percentage":20.7137},"nq2":{"lesser":0.000479213,"mean":0.000542451,"upper":0.000605689,"percentage":23.3156},"jitterMean":{"lesser":0.0159999,"mean":0.016,"upper":0.0160001,"percentage":0.0010063},"jitterVariance":{"lesser":4.47623e-10,"mean":4.70376e-10,"upper":4.93129e-10,"percentage":9.67426}}},{"t1":0,"w1":0,"x1":0,"nq1":127505,"t2":0.000278579,"w2":2.25792e-05,"x2":0.000256,"nq2":0.000491662,"jitterE":0.016,"jitterV":4.34477e-10,"confidenceInterval":{"t1":{"lesser":-215.675,"mean":212.487,"upper":640.649,"percentage":403},"w1":{"lesser":-215.652,"mean":212.465,"upper":640.582,"percentage":403},"x1":{"lesser":-0.0225739,"mean":0.0222403,"upper":0.0670545,"percentage":403},"nq1":{"lesser":45963.3,"mean":79840.4,"upper":113717,"percentage":84.862},"t2":{"lesser":0.000278189,"mean":0.000280236,"upper":0.000282283,"percentage":1.46079},"w2":{"lesser":2.2189e-05,"mean":2.42358e-05,"upper":2.62826e-05,"percentage":16.891},"nq2":{"lesser":0.000481675,"mean":0.000532293,"upper":0.000582912,"percentage":19.019},"jitterMean":{"lesser":0.016,"mean":0.016,"upper":0.0160001,"percentage":0.000737356},"jitterVariance":{"lesser":4.41133e-10,"mean":4.63196e-10,"upper":4.85259e-10,"percentage":9.52623}}}],"confidenceInterval":{"t1":{"lesser":-215.675,"mean":212.487,"upper":640.649,"percentage":403},"w1":{"lesser":-215.652,"mean":212.465,"upper":640.582,"percentage":403},"x1":{"lesser":-0.0225739,"mean":0.0222403,"upper":0.0670545,"percentage":403},"nq1":{"lesser":45963.3,"mean":79840.4,"upper":113717,"percentage":84.862},"t2":{"lesser":0.000278189,"mean":0.000280236,"upper":0.000282283,"percentage":1.46079},"w2":{"lesser":2.2189e-05,"mean":2.42358e-05,"upper":2.62826e-05,"percentage":16.891},"nq2":{"lesser":0.000481675,"mean":0.000532293,"upper":0.000582912,"percentage":19.019},"jitterMean":{"lesser":0.016,"mean":0.016,"upper":0.0160001,"percentage":0.000737356},"jitterVariance":{"lesser":4.41133e-10,"mean":4.63196e-10,"upper":4.85259e-10,"percentage":9.52623}}}
