{"samples":100000,"simulations":[{"t1":835.138,"w1":835.014,"x1":0.123451,"nq1":17534.6,"t2":0.000280381,"w2":2.43807e-05,"x2":0.000256,"nq2":0.000542765,"jitterE":0.016,"jitterV":4.84656e-10},{"t1":0,"w1":0,"x1":0,"nq1":31695.2,"t2":0.000279968,"w2":2.3968e-05,"x2":0.000256,"nq2":0.000514114,"jitterE":0.0159999,"jitterV":4.67069e-10,"confidenceInterval":{"t1":{"lesser":-801.732,"mean":417.569,"upper":1636.87,"percentage":584},"w1":{"lesser":-801.614,"mean":417.507,"upper":1636.63,"percentage":584},"x1":{"lesser":-0.118513,"mean":0.0617256,"upper":0.241965,"percentage":584},"nq1":{"lesser":3940.49,"mean":24614.9,"upper":45289.3,"percentage":167.983},"t2":{"lesser":0.000279572,"mean":0.000280174,"upper":0.000280777,"percentage":0.430178},"w2":{"lesser":2.35717e-05,"mean":2.41743e-05,"upper":2.4777e-05,"percentage":4.98566},"nq2":{"lesser":0.00048661,"mean":0.000528439,"upper":0.000570269,"percentage":15.8315},"jitterMean":{"lesser":0.0159999,"mean":0.016,"upper":0.016,"percentage":0.000727534},"jitterVariance":{"lesser":4.50186e-10,"mean":4.75862e-10,"upper":5.01539e-10,"percentage":10.7916}}},{"t1":0,"w1":0,"x1":0,"nq1":46298.1,"t2":0.000280727,"w2":2.47274e-05,"x2":0.000256,"nq2":0.000547453,"jitterE":0.016,"jitterV":4.70669e-10,"confidenceInterval":{"t1":{"lesser":-376.647,"mean":278.379,"upper":933.406,"percentage":470.6},"w1":{"lesser":-376.591,"mean":278.338,"upper":933.268,"percentage":470.6},"x1":{"lesser":-0.0556765,"mean":0.0411504,"upper":0.137977,"percentage":470.6},"nq1":{"lesser":12304.2,"mean":31842.6,"upper":51381.1,"percentage":122.719},"t2":{"lesser":0.000279842,"mean":0.000280359,"upper":0.000280875,"percentage":0.36845},"w2":{"lesser":2.38422e-05,"mean":2.43587e-05,"upper":2.48752e-05,"percentage":4.24072},"nq2":{"lesser":0.000510259,"mean":0.000534777,"upper":0.000559295,"percentage":9.16939},"jitterMean":{"lesser":0.0159999,"mean":0.016,"upper":0.016,"percentage":0.00034342},"jitterVariance":{"lesser":4.6151e-10,"mean":4.74131e-10,"upper":4.86752e-10,"percentage":5.32391}}},{"t1":0,"w1":0,"x1":0,"nq1":60403.2,"t2":0.000279483,"w2":2.34829e-05,"x2":0.000256,"nq2":0.000511978,"jitterE":0.016,"jitterV":4.51179e-10,"confidenceInterval":{"t1":{"lesser":-236.344,"mean":208.784,"upper":653.913,"percentage":426.4},"w1":{"lesser":-236.309,"mean":208.754,"upper":653.816,"percentage":426.4},"x1":{"lesser":-0.0349367,"mean":0.0308628,"upper":0.0966624,"percentage":426.4},"nq1":{"lesser":19274,"mean":38982.8,"upper":58691.6,"percentage":101.115},"t2":{"lesser":0.000279568,"mean":0.00028014,"upper":0.000280712,"percentage":0.408487},"w2":{"lesser":2.35676e-05,"mean":2.41397e-05,"upper":2.47119e-05,"percentage":4.74046},"nq2":{"lesser":0.000509217,"mean":0.000529077,"upper":0.000548938,"percentage":7.5075},"jitterMean":{"lesser":0.016,"mean":0.016,"upper":0.016,"percentage":0.000225855},"jitterVariance":{"lesser":4.53728e-10,"mean":4.68393e-10,"upper":4.83058e-10,"percentage":6.26172}}},{"t1":0,"w1":0,"x1":0,"nq1":74435.3,"t2":0.000282265,"w2":2.62654e-05,"x2":0.000256,"nq2":0.000577474,"jitterE":0.016,"jitterV":4.71673e-10,"confidenceInterval":{"t1":{"lesser":-169.533,"mean":167.028,"upper":503.588,"percentage":403},"w1":{"lesser":-169.508,"mean":167.003,"upper":503.514,"percentage":403},"x1":{"lesser":-0.0250606,"mean":0.0246903,"upper":0.0744411,"percentage":403},"nq1":{"lesser":25767.8,"mean":46073.3,"upper":66378.8,"percentage":88.1443},"t2":{"lesser":0.000279611,"mean":0.000280565,"upper":0.000281518,"percentage":0.679759},"w2":{"lesser":2.36113e-05,"mean":2.45649e-05,"upper":2.55185e-05,"percentage":7.76378},"nq2":{"lesser":0.00051443,"mean":0.000538757,"upper":0.000563084,"percentage":9.03077},"jitterMean":{"lesser":0.016,"mean":0.016,"upper":0.016,"percentage":0.000266695},"jitterVariance":{"lesser":4.58232e-10,"mean":4.69049e-10,"upper":4.79866e-10,"percentage":4.61229}}}],"confidenceInterval":{"t1":{"lesser":-169.533,"mean":167.028,"upper":503.588,"percentage":403},"w1":{"lesser":-169.508,"mean":167.003,"upper":503.514,"percentage":403},"x1":{"lesser":-0.0250606,"mean":0.0246903,"upper":0.0744411,"percentage":403},"nq1":{"lesser":25767.8,"mean":46073.3,"upper":66378.8,"percentage":88.1443},"t2":{"lesser":0.000279611,"mean":0.000280565,"upper":0.000281518,"percentage":0.679759},"w2":{"lesser":2.36113e-05,"mean":2.45649e-05,"upper":2.55185e-05,"percentage":7.76378},"nq2":{"lesser":0.00051443,"mean":0.000538757,"upper":0.000563084,"percentage":9.03077},"jitterMean":{"lesser":0.016,"mean":0.016,"upper":0.016,"percentage":0.000266695},"jitterVariance":{"lesser":4.58232e-10,"mean":4.69049e-10,"upper":4.79866e-10,"percentage":4.61229}}}
