{"samples":100000,"simulations":[{"t1":570.391,"w1":570.27,"x1":0.120292,"nq1":11566.4,"t2":0.000282691,"w2":2.66906e-05,"x2":0.000256,"nq2":0.000590659,"jitterE":0.016,"jitterV":5.36636e-10},{"t1":975.991,"w1":975.871,"x1":0.120144,"nq1":21933,"t2":0.000278927,"w2":2.29274e-05,"x2":0.000256,"nq2":0.000491453,"jitterE":0.016,"jitterV":4.86233e-10,"confidenceInterval":{"t1":{"lesser":181.015,"mean":773.191,"upper":1365.37,"percentage":153.177},"w1":{"lesser":180.894,"mean":773.071,"upper":1365.25,"percentage":153.201},"x1":{"lesser":0.120003,"mean":0.120218,"upper":0.120434,"percentage":0.358701},"nq1":{"lesser":1614.49,"mean":16749.7,"upper":31885,"percentage":180.722},"t2":{"lesser":0.000275315,"mean":0.000280809,"upper":0.000286303,"percentage":3.91321},"w2":{"lesser":1.93146e-05,"mean":2.4809e-05,"upper":3.03033e-05,"percentage":44.2931},"nq2":{"lesser":0.000396216,"mean":0.000541056,"upper":0.000685896,"percentage":53.5396},"jitterMean":{"lesser":0.016,"mean":0.016,"upper":0.016,"percentage":0.000411419},"jitterVariance":{"lesser":4.37846e-10,"mean":5.11434e-10,"upper":5.85022e-10,"percentage":28.777}}},{"t1":0,"w1":0,"x1":0,"nq1":32629.2,"t2":0.000277969,"w2":2.19688e-05,"x2":0.000256,"nq2":0.000483827,"jitterE":0.016,"jitterV":4.67139e-10,"confidenceInterval":{"t1":{"lesser":-150.626,"mean":515.461,"upper":1181.55,"percentage":258.443},"w1":{"lesser":-150.621,"mean":515.38,"upper":1181.38,"percentage":258.45},"x1":{"lesser":-0.0141457,"mean":0.0801455,"upper":0.174437,"percentage":235.3},"nq1":{"lesser":7735.39,"mean":22042.9,"upper":36350.4,"percentage":129.815},"t2":{"lesser":0.000276472,"mean":0.000279862,"upper":0.000283253,"percentage":2.42307},"w2":{"lesser":2.04716e-05,"mean":2.38623e-05,"upper":2.72529e-05,"percentage":28.4184},"nq2":{"lesser":0.000441013,"mean":0.00052198,"upper":0.000602946,"percentage":31.023},"jitterMean":{"lesser":0.016,"mean":0.016,"upper":0.016,"percentage":0.000375292},"jitterVariance":{"lesser":4.47893e-10,"mean":4.96669e-10,"upper":5.45445e-10,"percentage":19.6413}}},{"t1":0,"w1":0,"x1":0,"nq1":43176.6,"t2":0.000280866,"w2":2.48659e-05,"x2":0.000256,"nq2":0.00053398,"jitterE":0.016,"jitterV":5.25945e-10,"confidenceInterval":{"t1":{"lesser":-120.952,"mean":386.595,"upper":894.143,"percentage":262.573},"w1":{"lesser":-120.943,"mean":386.535,"upper":894.013,"percentage":262.578},"x1":{"lesser":-0.0138799,"mean":0.0601091,"upper":0.134098,"percentage":246.182},"nq1":{"lesser":12803.5,"mean":27326.3,"upper":41849.2,"percentage":106.292},"t2":{"lesser":0.000277876,"mean":0.000280113,"upper":0.00028235,"percentage":1.59739},"w2":{"lesser":2.18759e-05,"mean":2.41132e-05,"upper":2.63504e-05,"percentage":18.5563},"nq2":{"lesser":0.000472712,"mean":0.00052498,"upper":0.000577247,"percentage":19.9123},"jitterMean":{"lesser":0.016,"mean":0.016,"upper":0.016,"percentage":0.00026463},"jitterVariance":{"lesser":4.69059e-10,"mean":5.03988e-10,"upper":5.38918e-10,"percentage":13.8614}}},{"t1":0,"w1":0,"x1":0,"nq1":53746.4,"t2":0.000280851,"w2":2.48508e-05,"x2":0.000256,"nq2":0.000539594,"jitterE":0.016,"jitterV":4.77444e-10,"confidenceInterval":{"t1":{"lesser":-93.6341,"mean":309.276,"upper":712.187,"percentage":260.55},"w1":{"lesser":-93.626,"mean":309.228,"upper":712.083,"percentage":260.555},"x1":{"lesser":-0.0112491,"mean":0.0480873,"upper":0.107424,"percentage":246.786},"nq1":{"lesser":17563.6,"mean":32610.3,"upper":47657.1,"percentage":92.2819},"t2":{"lesser":0.000278596,"mean":0.000280261,"upper":0.000281925,"percentage":1.18791},"w2":{"lesser":2.25961e-05,"mean":2.42607e-05,"upper":2.59253e-05,"percentage":13.7228},"nq2":{"lesser":0.000489187,"mean":0.000527903,"upper":0.000566618,"percentage":14.6675},"jitterMean":{"lesser":0.016,"mean":0.016,"upper":0.016,"percentage":0.000206333},"jitterVariance":{"lesser":4.7096e-10,"mean":4.98679e-10,"upper":5.26398e-10,"percentage":11.117}}}],"confidenceInterval":{"t1":{"lesser":-93.6341,"mean":309.276,"upper":712.187,"percentage":260.55},"w1":{"lesser":-93.626,"mean":309.228,"upper":712.083,"percentage":260.555},"x1":{"lesser":-0.0112491,"mean":0.0480873,"upper":0.107424,"percentage":246.786},"nq1":{"lesser":17563.6,"mean":32610.3,"upper":47657.1,"percentage":92.2819},"t2":{"lesser":0.000278596,"mean":0.000280261,"upper":0.000281925,"percentage":1.18791},"w2":{"lesser":2.25961e-05,"mean":2.42607e-05,"upper":2.59253e-05,"percentage":13.7228},"nq2":{"lesser":0.000489187,"mean":0.000527903,"upper":0.000566618,"percentage":14.6675},"jitterMean":{"lesser":0.016,"mean":0.016,"upper":0.016,"percentage":0.000206333},"jitterVariance":{"lesser":4.7096e-10,"mean":4.98679e-10,"upper":5.26398e-10,"percentage":11.117}}}
