{"samples":100000,"simulations":[{"t1":0.0075816,"w1":0.0045867,"x1":0.0029949,"nq1":0.761199,"t2":0.0017699,"w2":0.0015139,"x2":0.000256,"nq2":0.0335968,"jitterE":0.0160019,"jitterV":5.90406e-06},{"t1":0.00782203,"w1":0.00477569,"x1":0.00304634,"nq1":0.779949,"t2":0.00178091,"w2":0.00152491,"x2":0.000256,"nq2":0.0335872,"jitterE":0.0160021,"jitterV":5.94413e-06,"confidenceInterval":{"t1":{"lesser":0.0073508,"mean":0.00770182,"upper":0.00805283,"percentage":9.1152},"w1":{"lesser":0.00440528,"mean":0.0046812,"upper":0.00495711,"percentage":11.7883},"x1":{"lesser":0.00294552,"mean":0.00302062,"upper":0.00309572,"percentage":4.97255},"nq1":{"lesser":0.743198,"mean":0.770574,"upper":0.79795,"percentage":7.10532},"t2":{"lesser":0.00175932,"mean":0.00177541,"upper":0.00179149,"percentage":1.81223},"w2":{"lesser":0.00150332,"mean":0.00151941,"upper":0.00153549,"percentage":2.11757},"nq2":{"lesser":0.0335779,"mean":0.033592,"upper":0.033606,"percentage":0.0836575},"jitterMean":{"lesser":0.0160017,"mean":0.016002,"upper":0.0160023,"percentage":0.00412721},"jitterVariance":{"lesser":5.8656e-06,"mean":5.92409e-06,"upper":5.98259e-06,"percentage":1.9749}}},{"t1":0.00774422,"w1":0.00471714,"x1":0.00302708,"nq1":0.781228,"t2":0.00178351,"w2":0.00152751,"x2":0.000256,"nq2":0.0331583,"jitterE":0.0159993,"jitterV":5.96198e-06,"confidenceInterval":{"t1":{"lesser":0.00754929,"mean":0.00771595,"upper":0.00788261,"percentage":4.3199},"w1":{"lesser":0.00456175,"mean":0.00469318,"upper":0.0048246,"percentage":5.60078},"x1":{"lesser":0.00298747,"mean":0.00302277,"upper":0.00305808,"percentage":2.33599},"nq1":{"lesser":0.758892,"mean":0.774125,"upper":0.789359,"percentage":3.93559},"t2":{"lesser":0.00176829,"mean":0.00177811,"upper":0.00178793,"percentage":1.10442},"w2":{"lesser":0.00151229,"mean":0.00152211,"upper":0.00153193,"percentage":1.29017},"nq2":{"lesser":0.0331072,"mean":0.0334474,"upper":0.0337876,"percentage":2.03419},"jitterMean":{"lesser":0.015999,"mean":0.0160011,"upper":0.0160032,"percentage":0.0262648},"jitterVariance":{"lesser":5.89643e-06,"mean":5.93672e-06,"upper":5.97702e-06,"percentage":1.35752}}},{"t1":0.0074358,"w1":0.00443646,"x1":0.00299933,"nq1":0.733877,"t2":0.00175862,"w2":0.00150262,"x2":0.000256,"nq2":0.0328824,"jitterE":0.016001,"jitterV":6.04988e-06,"confidenceInterval":{"t1":{"lesser":0.00746234,"mean":0.00764591,"upper":0.00782949,"percentage":4.80186},"w1":{"lesser":0.00446833,"mean":0.004629,"upper":0.00478966,"percentage":6.94162},"x1":{"lesser":0.00299107,"mean":0.00301691,"upper":0.00304276,"percentage":1.71308},"nq1":{"lesser":0.740495,"mean":0.764063,"upper":0.787632,"percentage":6.16919},"t2":{"lesser":0.00176109,"mean":0.00177324,"upper":0.00178538,"percentage":1.36941},"w2":{"lesser":0.00150509,"mean":0.00151724,"upper":0.00152938,"percentage":1.60047},"nq2":{"lesser":0.0329344,"mean":0.0333062,"upper":0.033678,"percentage":2.2325},"jitterMean":{"lesser":0.0159997,"mean":0.0160011,"upper":0.0160024,"percentage":0.0168383},"jitterVariance":{"lesser":5.8994e-06,"mean":5.96501e-06,"upper":6.03062e-06,"percentage":2.19974}}},{"t1":0.00728856,"w1":0.00431032,"x1":0.00297824,"nq1":0.708223,"t2":0.00172207,"w2":0.00146607,"x2":0.000256,"nq2":0.0314531,"jitterE":0.0160018,"jitterV":5.84532e-06,"confidenceInterval":{"t1":{"lesser":0.00737746,"mean":0.00757444,"upper":0.00777142,"percentage":5.20117},"w1":{"lesser":0.00439111,"mean":0.00456526,"upper":0.00473941,"percentage":7.62939},"x1":{"lesser":0.00298467,"mean":0.00300918,"upper":0.00303369,"percentage":1.62905},"nq1":{"lesser":0.724538,"mean":0.752895,"upper":0.781252,"percentage":7.53281},"t2":{"lesser":0.00174055,"mean":0.001763,"upper":0.00178546,"percentage":2.54743},"w2":{"lesser":0.00148455,"mean":0.001507,"upper":0.00152946,"percentage":2.98018},"nq2":{"lesser":0.0321407,"mean":0.0329356,"upper":0.0337304,"percentage":4.82657},"jitterMean":{"lesser":0.0160002,"mean":0.0160012,"upper":0.0160023,"percentage":0.012845},"jitterVariance":{"lesser":5.873e-06,"mean":5.94107e-06,"upper":6.00914e-06,"percentage":2.29151}}}],"confidenceInterval":{"t1":{"lesser":0.00737746,"mean":0.00757444,"upper":0.00777142,"percentage":5.20117},"w1":{"lesser":0.00439111,"mean":0.00456526,"upper":0.00473941,"percentage":7.62939},"x1":{"lesser":0.00298467,"mean":0.00300918,"upper":0.00303369,"percentage":1.62905},"nq1":{"lesser":0.724538,"mean":0.752895,"upper":0.781252,"percentage":7.53281},"t2":{"lesser":0.00174055,"mean":0.001763,"upper":0.00178546,"percentage":2.54743},"w2":{"lesser":0.00148455,"mean":0.001507,"upper":0.00152946,"percentage":2.98018},"nq2":{"lesser":0.0321407,"mean":0.0329356,"upper":0.0337304,"percentage":4.82657},"jitterMean":{"lesser":0.0160002,"mean":0.0160012,"upper":0.0160023,"percentage":0.012845},"jitterVariance":{"lesser":5.873e-06,"mean":5.94107e-06,"upper":6.00914e-06,"percentage":2.29151}}}
