{"samples":50000,"simulations":[{"t1":917.196,"w1":917.077,"x1":0.118591,"nq1":18582.1,"t2":0.000277814,"w2":2.18141e-05,"x2":0.000256,"nq2":0.000474691,"jitterE":0.0160001,"jitterV":4.00437e-10},{"t1":1139.75,"w1":1139.64,"x1":0.109199,"nq1":27610.7,"t2":0.000278253,"w2":2.22526e-05,"x2":0.000256,"nq2":0.000481353,"jitterE":0.016,"jitterV":4.50473e-10,"confidenceInterval":{"t1":{"lesser":703.542,"mean":1028.47,"upper":1353.4,"percentage":63.1871},"w1":{"lesser":703.415,"mean":1028.36,"upper":1353.3,"percentage":63.1967},"x1":{"lesser":0.100183,"mean":0.113895,"upper":0.127606,"percentage":24.0777},"nq1":{"lesser":9914.64,"mean":23096.4,"upper":36278.1,"percentage":114.145},"t2":{"lesser":0.000277393,"mean":0.000278033,"upper":0.000278674,"percentage":0.460591},"w2":{"lesser":2.1393e-05,"mean":2.20333e-05,"upper":2.26736e-05,"percentage":5.81208},"nq2":{"lesser":0.000468295,"mean":0.000478022,"upper":0.000487749,"percentage":4.06964},"jitterMean":{"lesser":0.016,"mean":0.016,"upper":0.0160001,"percentage":0.000744856},"jitterVariance":{"lesser":3.52404e-10,"mean":4.25455e-10,"upper":4.98507e-10,"percentage":34.3404}}},{"t1":0,"w1":0,"x1":0,"nq1":36780.3,"t2":0.000281352,"w2":2.53518e-05,"x2":0.000256,"nq2":0.000550504,"jitterE":0.016,"jitterV":5.39643e-10,"confidenceInterval":{"t1":{"lesser":-135.06,"mean":685.649,"upper":1506.36,"percentage":239.396},"w1":{"lesser":-135.049,"mean":685.573,"upper":1506.2,"percentage":239.397},"x1":{"lesser":-0.0136291,"mean":0.0759299,"upper":0.165489,"percentage":235.899},"nq1":{"lesser":15296.4,"mean":27657.7,"upper":40019,"percentage":89.3878},"t2":{"lesser":0.00027652,"mean":0.000279139,"upper":0.000281759,"percentage":1.87702},"w2":{"lesser":2.05197e-05,"mean":2.31395e-05,"upper":2.57592e-05,"percentage":22.6432},"nq2":{"lesser":0.000445153,"mean":0.000502183,"upper":0.000559213,"percentage":22.7129},"jitterMean":{"lesser":0.016,"mean":0.016,"upper":0.0160001,"percentage":0.000731513},"jitterVariance":{"lesser":3.67724e-10,"mean":4.63518e-10,"upper":5.59311e-10,"percentage":41.3333}}},{"t1":0,"w1":0,"x1":0,"nq1":45653.3,"t2":0.000277082,"w2":2.10824e-05,"x2":0.000256,"nq2":0.00045349,"jitterE":0.016,"jitterV":4.17841e-10,"confidenceInterval":{"t1":{"lesser":-126.11,"mean":514.237,"upper":1154.58,"percentage":249.047},"w1":{"lesser":-126.098,"mean":514.18,"upper":1154.46,"percentage":249.048},"x1":{"lesser":-0.0132688,"mean":0.0569474,"upper":0.127164,"percentage":246.6},"nq1":{"lesser":19717.8,"mean":32156.6,"upper":44595.3,"percentage":77.3638},"t2":{"lesser":0.00027662,"mean":0.000278625,"upper":0.00028063,"percentage":1.4391},"w2":{"lesser":2.06204e-05,"mean":2.26252e-05,"upper":2.46301e-05,"percentage":17.7223},"nq2":{"lesser":0.000445192,"mean":0.00049001,"upper":0.000534828,"percentage":18.2927},"jitterMean":{"lesser":0.016,"mean":0.016,"upper":0.016,"percentage":0.000471974},"jitterVariance":{"lesser":3.86072e-10,"mean":4.52099e-10,"upper":5.18125e-10,"percentage":29.209}}},{"t1":0,"w1":0,"x1":0,"nq1":54425.2,"t2":0.00027834,"w2":2.23401e-05,"x2":0.000256,"nq2":0.000478481,"jitterE":0.0159999,"jitterV":4.79026e-10,"confidenceInterval":{"t1":{"lesser":-101.165,"mean":411.389,"upper":923.944,"percentage":249.182},"w1":{"lesser":-101.155,"mean":411.344,"upper":923.843,"percentage":249.183},"x1":{"lesser":-0.010737,"mean":0.0455579,"upper":0.101853,"percentage":247.135},"nq1":{"lesser":23825.1,"mean":36610.3,"upper":49395.5,"percentage":69.8449},"t2":{"lesser":0.000277096,"mean":0.000278568,"upper":0.00028004,"percentage":1.05699},"w2":{"lesser":2.1096e-05,"mean":2.25682e-05,"upper":2.40404e-05,"percentage":13.0469},"nq2":{"lesser":0.000454566,"mean":0.000487704,"upper":0.000520842,"percentage":13.5894},"jitterMean":{"lesser":0.0159999,"mean":0.016,"upper":0.016,"percentage":0.00075927},"jitterVariance":{"lesser":4.07944e-10,"mean":4.57484e-10,"upper":5.07025e-10,"percentage":21.6578}}},{"t1":0,"w1":0,"x1":0,"nq1":63242.8,"t2":0.000279256,"w2":2.32559e-05,"x2":0.000256,"nq2":0.000520983,"jitterE":0.016,"jitterV":4.62522e-10,"confidenceInterval":{"t1":{"lesser":-82.1419,"mean":342.825,"upper":767.791,"percentage":247.921},"w1":{"lesser":-82.134,"mean":342.787,"upper":767.707,"percentage":247.921},"x1":{"lesser":-0.00874814,"mean":0.037965,"upper":0.084678,"percentage":246.085},"nq1":{"lesser":27793.6,"mean":41049,"upper":54304.5,"percentage":64.5836},"t2":{"lesser":0.000277502,"mean":0.000278683,"upper":0.000279863,"percentage":0.847065},"w2":{"lesser":2.15025e-05,"mean":2.26828e-05,"upper":2.38631e-05,"percentage":10.4071},"nq2":{"lesser":0.000465022,"mean":0.00049325,"upper":0.000521479,"percentage":11.4459},"jitterMean":{"lesser":0.0159999,"mean":0.016,"upper":0.016,"percentage":0.000604023},"jitterVariance":{"lesser":4.19285e-10,"mean":4.58324e-10,"upper":4.97362e-10,"percentage":17.0353}}},{"t1":0,"w1":0,"x1":0,"nq1":72090.9,"t2":0.000284904,"w2":2.89036e-05,"x2":0.000256,"nq2":0.000632119,"jitterE":0.0160001,"jitterV":5.41364e-10,"confidenceInterval":{"t1":{"lesser":-68.5258,"mean":293.85,"upper":656.225,"percentage":246.64},"w1":{"lesser":-68.5191,"mean":293.817,"upper":656.153,"percentage":246.641},"x1":{"lesser":-0.00731113,"mean":0.0325414,"upper":0.0723939,"percentage":244.934},"nq1":{"lesser":31699.6,"mean":45483.6,"upper":59267.6,"percentage":60.611},"t2":{"lesser":0.000277627,"mean":0.000279571,"upper":0.000281516,"percentage":1.39133},"w2":{"lesser":2.16266e-05,"mean":2.35715e-05,"upper":2.55164e-05,"percentage":16.502},"nq2":{"lesser":0.000468877,"mean":0.000513089,"upper":0.000557301,"percentage":17.2336},"jitterMean":{"lesser":0.016,"mean":0.016,"upper":0.0160001,"percentage":0.000609411},"jitterVariance":{"lesser":4.30934e-10,"mean":4.70187e-10,"upper":5.0944e-10,"percentage":16.6968}}},{"t1":0,"w1":0,"x1":0,"nq1":80875.6,"t2":0.000281524,"w2":2.55243e-05,"x2":0.000256,"nq2":0.000561059,"jitterE":0.0160001,"jitterV":5.74128e-10,"confidenceInterval":{"t1":{"lesser":-58.3973,"mean":257.118,"upper":572.634,"percentage":245.424},"w1":{"lesser":-58.3915,"mean":257.09,"upper":572.571,"percentage":245.425},"x1":{"lesser":-0.00623674,"mean":0.0284737,"upper":0.0631842,"percentage":243.807},"nq1":{"lesser":35590,"mean":49907.6,"upper":64225.2,"percentage":57.3766},"t2":{"lesser":0.000278101,"mean":0.000279816,"upper":0.00028153,"percentage":1.2254},"w2":{"lesser":2.21012e-05,"mean":2.38156e-05,"upper":2.553e-05,"percentage":14.3975},"nq2":{"lesser":0.000479884,"mean":0.000519085,"upper":0.000558287,"percentage":15.1041},"jitterMean":{"lesser":0.016,"mean":0.016,"upper":0.0160001,"percentage":0.00057673},"jitterVariance":{"lesser":4.41981e-10,"mean":4.83179e-10,"upper":5.24378e-10,"percentage":17.0532}}},{"t1":0,"w1":0,"x1":0,"nq1":89588.4,"t2":0.000276656,"w2":2.06562e-05,"x2":0.000256,"nq2":0.000435674,"jitterE":0.0160001,"jitterV":4.1289e-10,"confidenceInterval":{"t1":{"lesser":-50.6251,"mean":228.55,"upper":507.724,"percentage":244.301},"w1":{"lesser":-50.6201,"mean":228.524,"upper":507.669,"percentage":244.302},"x1":{"lesser":-0.00540974,"mean":0.02531,"upper":0.0560297,"percentage":242.748},"nq1":{"lesser":39478.8,"mean":54316.6,"upper":69154.3,"percentage":54.6343},"t2":{"lesser":0.000277842,"mean":0.000279465,"upper":0.000281088,"percentage":1.16153},"w2":{"lesser":2.18415e-05,"mean":2.34645e-05,"upper":2.50876e-05,"percentage":13.8339},"nq2":{"lesser":0.000471746,"mean":0.000509817,"upper":0.000547888,"percentage":14.9352},"jitterMean":{"lesser":0.016,"mean":0.016,"upper":0.0160001,"percentage":0.000514992},"jitterVariance":{"lesser":4.36807e-10,"mean":4.75369e-10,"upper":5.13932e-10,"percentage":16.2241}}},{"t1":0,"w1":0,"x1":0,"nq1":98396.2,"t2":0.000281751,"w2":2.5751e-05,"x2":0.000256,"nq2":0.000548921,"jitterE":0.016,"jitterV":4.76581e-10,"confidenceInterval":{"t1":{"lesser":-44.5959,"mean":205.695,"upper":455.985,"percentage":243.361},"w1":{"lesser":-44.5915,"mean":205.672,"upper":455.935,"percentage":243.362},"x1":{"lesser":-0.00476724,"mean":0.022779,"upper":0.0503252,