{"samples":50000,"simulations":[{"t1":113.659,"w1":113.519,"x1":0.139362,"nq1":2003.3,"t2":0.000284829,"w2":2.88287e-05,"x2":0.000256,"nq2":0.000652699,"jitterE":0.0160001,"jitterV":5.4188e-10},{"t1":163.041,"w1":162.919,"x1":0.121751,"nq1":3111.54,"t2":0.000279534,"w2":2.35339e-05,"x2":0.000256,"nq2":0.000511293,"jitterE":0.0160001,"jitterV":4.2814e-10,"confidenceInterval":{"t1":{"lesser":66.2519,"mean":138.35,"upper":210.447,"percentage":104.225},"w1":{"lesser":66.0956,"mean":138.219,"upper":210.343,"percentage":104.361},"x1":{"lesser":0.104844,"mean":0.130556,"upper":0.156268,"percentage":39.3889},"nq1":{"lesser":939.396,"mean":2557.42,"upper":4175.44,"percentage":126.536},"t2":{"lesser":0.000274451,"mean":0.000282181,"upper":0.000289912,"percentage":5.47908},"w2":{"lesser":1.84508e-05,"mean":2.61813e-05,"upper":3.39118e-05,"percentage":59.0534},"nq2":{"lesser":0.000375544,"mean":0.000581996,"upper":0.000788449,"percentage":70.9463},"jitterMean":{"lesser":0.016,"mean":0.0160001,"upper":0.0160002,"percentage":0.00150051},"jitterVariance":{"lesser":3.18951e-10,"mean":4.8501e-10,"upper":6.51069e-10,"percentage":68.4767}}},{"t1":209.841,"w1":209.72,"x1":0.121232,"nq1":4147.13,"t2":0.000278727,"w2":2.27273e-05,"x2":0.000256,"nq2":0.000498505,"jitterE":0.016,"jitterV":4.44305e-10,"confidenceInterval":{"t1":{"lesser":96.8402,"mean":162.18,"upper":227.52,"percentage":80.5769},"w1":{"lesser":96.7003,"mean":162.053,"upper":227.405,"percentage":80.6556},"x1":{"lesser":0.113427,"mean":0.127448,"upper":0.141469,"percentage":22.0027},"nq1":{"lesser":1630.85,"mean":3087.32,"upper":4543.8,"percentage":94.3521},"t2":{"lesser":0.000276527,"mean":0.00028103,"upper":0.000285533,"percentage":3.20443},"w2":{"lesser":2.05273e-05,"mean":2.503e-05,"upper":2.95327e-05,"percentage":35.9785},"nq2":{"lesser":0.000437917,"mean":0.000554166,"upper":0.000670415,"percentage":41.9547},"jitterMean":{"lesser":0.016,"mean":0.0160001,"upper":0.0160001,"percentage":0.000999391},"jitterVariance":{"lesser":3.87847e-10,"mean":4.71442e-10,"upper":5.55036e-10,"percentage":35.4633}}},{"t1":257.072,"w1":256.939,"x1":0.132358,"nq1":5148.22,"t2":0.000278766,"w2":2.27662e-05,"x2":0.000256,"nq2":0.000480791,"jitterE":0.016,"jitterV":4.60248e-10,"confidenceInterval":{"t1":{"lesser":120.248,"mean":185.903,"upper":251.558,"percentage":70.6334},"w1":{"lesser":120.116,"mean":185.774,"upper":251.432,"percentage":70.6856},"x1":{"lesser":0.119319,"mean":0.128675,"upper":0.138032,"percentage":14.5429},"nq1":{"lesser":2161.23,"mean":3602.55,"upper":5043.86,"percentage":80.0165},"t2":{"lesser":0.000277337,"mean":0.000280464,"upper":0.000283591,"percentage":2.22989},"w2":{"lesser":2.1337e-05,"mean":2.4464e-05,"upper":2.7591e-05,"percentage":25.5642},"nq2":{"lesser":0.000451699,"mean":0.000535822,"upper":0.000619946,"percentage":31.3998},"jitterMean":{"lesser":0.016,"mean":0.016,"upper":0.0160001,"percentage":0.000945489},"jitterVariance":{"lesser":4.14754e-10,"mean":4.68643e-10,"upper":5.22533e-10,"percentage":22.9982}}},{"t1":312.785,"w1":312.659,"x1":0.126219,"nq1":6119.12,"t2":0.000283402,"w2":2.74022e-05,"x2":0.000256,"nq2":0.000590348,"jitterE":0.016,"jitterV":5.99804e-10,"confidenceInterval":{"t1":{"lesser":141.102,"mean":211.279,"upper":281.457,"percentage":66.431},"w1":{"lesser":140.971,"mean":211.151,"upper":281.331,"percentage":66.4734},"x1":{"lesser":0.121263,"mean":0.128184,"upper":0.135105,"percentage":10.7985},"nq1":{"lesser":2642.32,"mean":4105.86,"upper":5569.4,"percentage":71.2902},"t2":{"lesser":0.000278474,"mean":0.000281052,"upper":0.000283629,"percentage":1.83408},"w2":{"lesser":2.24743e-05,"mean":2.50517e-05,"upper":2.7629e-05,"percentage":20.5764},"nq2":{"lesser":0.000481339,"mean":0.000546727,"upper":0.000612116,"percentage":23.92},"jitterMean":{"lesser":0.016,"mean":0.016,"upper":0.0160001,"percentage":0.000692281},"jitterVariance":{"lesser":4.28918e-10,"mean":4.94875e-10,"upper":5.60833e-10,"percentage":26.6563}}},{"t1":357.725,"w1":357.607,"x1":0.117788,"nq1":7162.52,"t2":0.000280666,"w2":2.46663e-05,"x2":0.000256,"nq2":0.000534753,"jitterE":0.0159998,"jitterV":4.65022e-10,"confidenceInterval":{"t1":{"lesser":162.873,"mean":235.687,"upper":308.501,"percentage":61.7885},"w1":{"lesser":162.743,"mean":235.56,"upper":308.378,"percentage":61.8247},"x1":{"lesser":0.120046,"mean":0.126451,"upper":0.132857,"percentage":10.1307},"nq1":{"lesser":3096.25,"mean":4615.3,"upper":6134.36,"percentage":65.827},"t2":{"lesser":0.000278954,"mean":0.000280987,"upper":0.00028302,"percentage":1.44707},"w2":{"lesser":2.29544e-05,"mean":2.49874e-05,"upper":2.70205e-05,"percentage":16.2725},"nq2":{"lesser":0.000493104,"mean":0.000544732,"upper":0.000596359,"percentage":18.9553},"jitterMean":{"lesser":0.0159999,"mean":0.016,"upper":0.0160001,"percentage":0.00099629},"jitterVariance":{"lesser":4.37078e-10,"mean":4.899e-10,"upper":5.42722e-10,"percentage":21.5644}}},{"t1":407.046,"w1":406.91,"x1":0.136597,"nq1":8055.82,"t2":0.000280361,"w2":2.43611e-05,"x2":0.000256,"nq2":0.000545288,"jitterE":0.016,"jitterV":4.58186e-10,"confidenceInterval":{"t1":{"lesser":184.31,"mean":260.167,"upper":336.023,"percentage":58.3137},"w1":{"lesser":184.182,"mean":260.039,"upper":335.896,"percentage":58.3429},"x1":{"lesser":0.121949,"mean":0.127901,"upper":0.133852,"percentage":9.30627},"nq1":{"lesser":3546.26,"mean":5106.81,"upper":6667.36,"percentage":61.1164},"t2":{"lesser":0.000279214,"mean":0.000280898,"upper":0.000282582,"percentage":1.19926},"w2":{"lesser":2.32136e-05,"mean":2.4898e-05,"upper":2.65823e-05,"percentage":13.53},"nq2":{"lesser":0.000502255,"mean":0.000544811,"upper":0.000587367,"percentage":15.6222},"jitterMean":{"lesser":0.0159999,"mean":0.016,"upper":0.0160001,"percentage":0.000823586},"jitterVariance":{"lesser":4.40991e-10,"mean":4.85369e-10,"upper":5.29748e-10,"percentage":18.2864}}},{"t1":461.317,"w1":461.203,"x1":0.113949,"nq1":9085.71,"t2":0.000279066,"w2":2.30656e-05,"x2":0.000256,"nq2":0.000511427,"jitterE":0.0159999,"jitterV":4.86705e-10,"confidenceInterval":{"t1":{"lesser":205.656,"mean":285.311,"upper":364.966,"percentage":55.8373},"w1":{"lesser":205.527,"mean":285.184,"upper":364.842,"percentage":55.8637},"x1":{"lesser":0.120147,"mean":0.126157,"upper":0.132166,"percentage":9.5271},"nq1":{"lesser":3986.94,"mean":5604.17,"upper":7221.4,"percentage":57.7153},"t2":{"lesser":0.000279175,"mean":0.000280669,"upper":0.000282163,"percentage":1.06444},"w2":{"lesser":2.31751e-05,"mean":2.46689e-05,"upper":2.61627e-05,"percentage":12.1106},"nq2":{"lesser":0.000503641,"mean":0.000540638,"upper":0.000577635,"percentage":13.6864},"jitterMean":{"lesser":0.0159999,"mean":0.016,"upper":0.0160001,"percentage":0.000723678},"jitterVariance":{"lesser":4.47812e-10,"mean":4.85536e-10,"upper":5.2326e-10,"percentage":15.5392}}},{"t1":496.58,"w1":496.451,"x1":0.128847,"nq1":10153.6,"t2":0.000280903,"w2":2.49028e-05,"x2":0.000256,"nq2":0.000550366,"jitterE":0.0160001,"jitterV":4.64969e-10,"confidenceInterval":{"t1":{"lesser":227.273,"mean":308.785,"upper":390.297,"percentage":52.7951},"w1":{"lesser":227.145,"mean":308.659,"upper":390.172,"percentage":52.8177},"x1":{"lesser":0.121204,"mean":0.126456,"upper":0.131707,"percentage":8.3059},"nq1":{"lesser":4426.18,"mean":6109.66,"upper":7793.15,"percentage":55.109},"t2":{"lesser":0.000279396,"mean":0.000280695,"upper":0.000281994,"percentage":0.92566},"w2":{"lesser":2.33958e-05,"mean":2.46949e-05,"upper":2.5994e-05,"percentage":10.5215},"nq2":{"lesser":0.000509503,"mean":0.000541719,"upper":0.000573935,"percentage":11.8939},"jitterMean":{"lesser":0.016,"mean":0.016,"upper":0.0160001,"percentage":0.000697101},"jitterVariance":{"lesser":4.50198e-10,"mean":4.83251e-10,"upper":5.16304e-10,"percentage":13.6795}}},{"t1":554.489,"w1":554.363,"x1":0.126279,"nq1":11046.2,"t2":0.000280011,"w2":2.40114e-05,"x2":0.000256,"nq2":0.00052068,"jitterE":0.0159999,"jitterV":5.12718e-10,"confidenceInterval":{"t1":{"lesser":248.642,"mean":333.355,"upper":418.069,"percentage":50.8248},