{"samples":50000,"simulations":[{"t1":0.02112,"w1":0.018092,"x1":0.00302801,"nq1":4.20061,"t2":0.0023614,"w2":0.0021054,"x2":0.000256,"nq2":0.0457663,"jitterE":0.0160051,"jitterV":5.97523e-06},{"t1":0.0212113,"w1":0.0181572,"x1":0.00305409,"nq1":4.16435,"t2":0.00241518,"w2":0.00215918,"x2":0.000256,"nq2":0.0484591,"jitterE":0.01601,"jitterV":6.06419e-06,"confidenceInterval":{"t1":{"lesser":0.0210323,"mean":0.0211657,"upper":0.021299,"percentage":1.26036},"w1":{"lesser":0.0180293,"mean":0.0181246,"upper":0.0182199,"percentage":1.05163},"x1":{"lesser":0.00300297,"mean":0.00304105,"upper":0.00307913,"percentage":2.50444},"nq1":{"lesser":4.12954,"mean":4.18248,"upper":4.23543,"percentage":2.53166},"t2":{"lesser":0.00230978,"mean":0.00238829,"upper":0.00246681,"percentage":6.57497},"w2":{"lesser":0.00205378,"mean":0.00213229,"upper":0.00221081,"percentage":7.36435},"nq2":{"lesser":0.0431813,"mean":0.0471127,"upper":0.0510441,"percentage":16.6893},"jitterMean":{"lesser":0.0160004,"mean":0.0160076,"upper":0.0160147,"percentage":0.0893873},"jitterVariance":{"lesser":5.88983e-06,"mean":6.01971e-06,"upper":6.14959e-06,"percentage":4.31507}}},{"t1":0.018393,"w1":0.015368,"x1":0.00302501,"nq1":3.5207,"t2":0.00235716,"w2":0.00210116,"x2":0.000256,"nq2":0.0460414,"jitterE":0.0159976,"jitterV":6.14711e-06,"confidenceInterval":{"t1":{"lesser":0.0180659,"mean":0.0202415,"upper":0.022417,"percentage":21.4959},"w1":{"lesser":0.0150432,"mean":0.0172058,"upper":0.0193683,"percentage":25.1373},"x1":{"lesser":0.00301398,"mean":0.00303571,"upper":0.00305743,"percentage":1.4315},"nq1":{"lesser":3.44224,"mean":3.96189,"upper":4.48153,"percentage":26.2322},"t2":{"lesser":0.00233398,"mean":0.00237792,"upper":0.00242185,"percentage":3.69553},"w2":{"lesser":0.00207798,"mean":0.00212192,"upper":0.00216585,"percentage":4.14138},"nq2":{"lesser":0.0447428,"mean":0.0467556,"upper":0.0487684,"percentage":8.6099},"jitterMean":{"lesser":0.0159957,"mean":0.0160042,"upper":0.0160128,"percentage":0.106513},"jitterVariance":{"lesser":5.9454e-06,"mean":6.06217e-06,"upper":6.17895e-06,"percentage":3.85246}}},{"t1":0.0204583,"w1":0.0174254,"x1":0.00303295,"nq1":4.09008,"t2":0.00240262,"w2":0.00214662,"x2":0.000256,"nq2":0.0475247,"jitterE":0.0160076,"jitterV":6.04415e-06,"confidenceInterval":{"t1":{"lesser":0.018897,"mean":0.0202957,"upper":0.0216943,"percentage":13.7826},"w1":{"lesser":0.0158702,"mean":0.0172607,"upper":0.0186511,"percentage":16.1113},"x1":{"lesser":0.00302102,"mean":0.00303502,"upper":0.00304901,"percentage":0.922447},"nq1":{"lesser":3.65406,"mean":3.99394,"upper":4.33381,"percentage":17.0194},"t2":{"lesser":0.00235301,"mean":0.00238409,"upper":0.00241517,"percentage":2.60705},"w2":{"lesser":0.00209701,"mean":0.00212809,"upper":0.00215917,"percentage":2.92067},"nq2":{"lesser":0.0455947,"mean":0.0469479,"upper":0.0483011,"percentage":5.76462},"jitterMean":{"lesser":0.0159993,"mean":0.0160051,"upper":0.0160108,"percentage":0.0718392},"jitterVariance":{"lesser":5.98224e-06,"mean":6.05767e-06,"upper":6.1331e-06,"percentage":2.49035}}},{"t1":0.0181928,"w1":0.0151582,"x1":0.00303462,"nq1":3.49073,"t2":0.00237493,"w2":0.00211893,"x2":0.000256,"nq2":0.0481832,"jitterE":0.0159993,"jitterV":5.94456e-06,"confidenceInterval":{"t1":{"lesser":0.018546,"mean":0.0198751,"upper":0.0212042,"percentage":13.3748},"w1":{"lesser":0.0155157,"mean":0.0168402,"upper":0.0181646,"percentage":15.7293},"x1":{"lesser":0.00302469,"mean":0.00303494,"upper":0.00304519,"percentage":0.675413},"nq1":{"lesser":3.5723,"mean":3.89329,"upper":4.21429,"percentage":16.4894},"t2":{"lesser":0.00235921,"mean":0.00238226,"upper":0.00240531,"percentage":1.93502},"w2":{"lesser":0.00210321,"mean":0.00212626,"upper":0.00214931,"percentage":2.168},"nq2":{"lesser":0.0460862,"mean":0.047195,"upper":0.0483037,"percentage":4.69842},"jitterMean":{"lesser":0.0159991,"mean":0.0160039,"upper":0.0160087,"percentage":0.0601898},"jitterVariance":{"lesser":5.96344e-06,"mean":6.03505e-06,"upper":6.10665e-06,"percentage":2.37296}}},{"t1":0.0203816,"w1":0.0173813,"x1":0.00300026,"nq1":4.03587,"t2":0.00238313,"w2":0.00212713,"x2":0.000256,"nq2":0.0483821,"jitterE":0.0160011,"jitterV":6.0423e-06,"confidenceInterval":{"t1":{"lesser":0.0189003,"mean":0.0199595,"upper":0.0210187,"percentage":10.6138},"w1":{"lesser":0.015873,"mean":0.0169304,"upper":0.0179877,"percentage":12.4908},"x1":{"lesser":0.00301533,"mean":0.00302916,"upper":0.00304299,"percentage":0.913087},"nq1":{"lesser":3.66015,"mean":3.91706,"upper":4.17396,"percentage":13.1173},"t2":{"lesser":0.00236426,"mean":0.0023824,"upper":0.00240055,"percentage":1.52358},"w2":{"lesser":0.00210826,"mean":0.0021264,"upper":0.00214455,"percentage":1.707},"nq2":{"lesser":0.046439,"mean":0.0473928,"upper":0.0483466,"percentage":4.02517},"jitterMean":{"lesser":0.0159996,"mean":0.0160035,"upper":0.0160074,"percentage":0.0487173},"jitterVariance":{"lesser":5.97983e-06,"mean":6.03626e-06,"upper":6.09268e-06,"percentage":1.86953}}},{"t1":0.0205624,"w1":0.0175473,"x1":0.00301507,"nq1":4.09466,"t2":0.00240447,"w2":0.00214847,"x2":0.000256,"nq2":0.0476923,"jitterE":0.0160047,"jitterV":5.8705e-06,"confidenceInterval":{"t1":{"lesser":0.0191574,"mean":0.0200456,"upper":0.0209339,"percentage":8.86198},"w1":{"lesser":0.0161311,"mean":0.0170185,"upper":0.0179059,"percentage":10.4289},"x1":{"lesser":0.00301512,"mean":0.00302714,"upper":0.00303916,"percentage":0.794185},"nq1":{"lesser":3.72528,"mean":3.94243,"upper":4.15958,"percentage":11.0161},"t2":{"lesser":0.00236945,"mean":0.00238556,"upper":0.00240166,"percentage":1.35046},"w2":{"lesser":0.00211345,"mean":0.00212956,"upper":0.00214566,"percentage":1.5128},"nq2":{"lesser":0.0466452,"mean":0.0474356,"upper":0.048226,"percentage":3.33243},"jitterMean":{"lesser":0.0160004,"mean":0.0160036,"upper":0.0160069,"percentage":0.0403768},"jitterVariance":{"lesser":5.94795e-06,"mean":6.01258e-06,"upper":6.0772e-06,"percentage":2.14972}}},{"t1":0.0202022,"w1":0.0171841,"x1":0.00301808,"nq1":4.00264,"t2":0.00240412,"w2":0.00214812,"x2":0.000256,"nq2":0.0477328,"jitterE":0.0159988,"jitterV":5.86521e-06,"confidenceInterval":{"t1":{"lesser":0.0193093,"mean":0.0200652,"upper":0.0208211,"percentage":7.53434},"w1":{"lesser":0.0162839,"mean":0.0170392,"upper":0.0177945,"percentage":8.86565},"x1":{"lesser":0.00301558,"mean":0.00302601,"upper":0.00303644,"percentage":0.689539},"nq1":{"lesser":3.76484,"mean":3.94995,"upper":4.13507,"percentage":9.373},"t2":{"lesser":0.00237352,"mean":0.00238788,"upper":0.00240223,"percentage":1.20244},"w2":{"lesser":0.00211752,"mean":0.00213188,"upper":0.00214623,"percentage":1.34683},"nq2":{"lesser":0.0467974,"mean":0.0474727,"upper":0.0481481,"percentage":2.84538},"jitterMean":{"lesser":0.0160001,"mean":0.016003,"upper":0.016006,"percentage":0.0370896},"jitterVariance":{"lesser":5.92941e-06,"mean":5.99416e-06,"upper":6.0589e-06,"percentage":2.16021}}},{"t1":0.0192912,"w1":0.0162381,"x1":0.00305303,"nq1":3.72192,"t2":0.00239831,"w2":0.00214231,"x2":0.000256,"nq2":0.0471092,"jitterE":0.0160031,"jitterV":6.15345e-06,"confidenceInterval":{"t1":{"lesser":0.0193036,"mean":0.0199792,"upper":0.0206548,"percentage":6.76309},"w1":{"lesser":0.0162738,"mean":0.0169502,"upper":0.0176266,"percentage":7.98136},"x1":{"lesser":0.00301841,"mean":0.00302901,"upper":0.00303962,"percentage":0.700334},"nq1":{"lesser":3.75716,"mean":3.92462,"upper":4.09207,"percentage":8.53358},"t2":{"lesser":0.00237638,"mean":0.00238904,"upper":0.00240169,"percentage":1.0596},"w2":{"lesser":0.00212038,"mean":0.00213304,"upper":0.00214569,"percentage":1.18677},"nq2":{"lesser":0.0468407,"mean":0.0474323,"upper":0.048024,"percentage":2.49468},"jitterMean":{"lesser":0.0160005,"mean":0.016003,"upper":0.0160056,"percentage":0.0322353},"jitterVariance":{"lesser":5.9469e-06,"mean":6.01185e-06,"upper":6.07681e-06,"percentage":2.16079}}},{"t1":0.0204326,"w1":0.0174088,"x1":0.0030238,"nq1":4.03794,"t2":0.00243293,"w2":0.00217693,"x2":0.000256,"nq2":0.0487436,"jitterE":0.0160024,