{"samples":50000,"simulations":[{"t1":0.00480575,"w1":0.00175136,"x1":0.00305439,"nq1":0.169547,"t2":0.00116291,"w2":0.000906911,"x2":0.000256,"nq2":0.0200163,"jitterE":0.0159991,"jitterV":4.73667e-06},{"t1":0.00481947,"w1":0.00180019,"x1":0.00301927,"nq1":0.178395,"t2":0.00116214,"w2":0.000906143,"x2":0.000256,"nq2":0.0197746,"jitterE":0.0160006,"jitterV":4.61674e-06,"confidenceInterval":{"t1":{"lesser":0.00479258,"mean":0.00481261,"upper":0.00483263,"percentage":0.83214},"w1":{"lesser":0.00170448,"mean":0.00177578,"upper":0.00184707,"percentage":8.02987},"x1":{"lesser":0.00298556,"mean":0.00303683,"upper":0.00308811,"percentage":3.3767},"nq1":{"lesser":0.161054,"mean":0.173971,"upper":0.186888,"percentage":14.8499},"t2":{"lesser":0.00116141,"mean":0.00116253,"upper":0.00116365,"percentage":0.193002},"w2":{"lesser":0.000905405,"mean":0.000906527,"upper":0.000907649,"percentage":0.247505},"nq2":{"lesser":0.0195426,"mean":0.0198954,"upper":0.0202483,"percentage":3.54695},"jitterMean":{"lesser":0.0159977,"mean":0.0159999,"upper":0.0160021,"percentage":0.0275665},"jitterVariance":{"lesser":4.5016e-06,"mean":4.6767e-06,"upper":4.85181e-06,"percentage":7.48827}}},{"t1":0.0048129,"w1":0.00176468,"x1":0.00304822,"nq1":0.176278,"t2":0.00117146,"w2":0.000915464,"x2":0.000256,"nq2":0.0199074,"jitterE":0.0159996,"jitterV":4.74194e-06,"confidenceInterval":{"t1":{"lesser":0.00480339,"mean":0.0048127,"upper":0.00482202,"percentage":0.387253},"w1":{"lesser":0.00173778,"mean":0.00177208,"upper":0.00180637,"percentage":3.87037},"x1":{"lesser":0.00301516,"mean":0.00304063,"upper":0.0030661,"percentage":1.67537},"nq1":{"lesser":0.168464,"mean":0.17474,"upper":0.181016,"percentage":7.18339},"t2":{"lesser":0.00115848,"mean":0.00116551,"upper":0.00117254,"percentage":1.20617},"w2":{"lesser":0.000902477,"mean":0.000909506,"upper":0.000916535,"percentage":1.54567},"nq2":{"lesser":0.019735,"mean":0.0198994,"upper":0.0200639,"percentage":1.65256},"jitterMean":{"lesser":0.0159987,"mean":0.0159998,"upper":0.0160008,"percentage":0.0131309},"jitterVariance":{"lesser":4.60225e-06,"mean":4.69845e-06,"upper":4.79465e-06,"percentage":4.09506}}},{"t1":0.00479457,"w1":0.00176217,"x1":0.0030324,"nq1":0.174219,"t2":0.00116499,"w2":0.000908994,"x2":0.000256,"nq2":0.0190495,"jitterE":0.0160024,"jitterV":4.669e-06,"confidenceInterval":{"t1":{"lesser":0.00479681,"mean":0.00480817,"upper":0.00481953,"percentage":0.472529},"w1":{"lesser":0.001747,"mean":0.0017696,"upper":0.0017922,"percentage":2.55385},"x1":{"lesser":0.00302167,"mean":0.00303857,"upper":0.00305547,"percentage":1.11224},"nq1":{"lesser":0.170579,"mean":0.17461,"upper":0.17864,"percentage":4.61678},"t2":{"lesser":0.00116087,"mean":0.00116538,"upper":0.00116989,"percentage":0.774288},"w2":{"lesser":0.000904866,"mean":0.000909378,"upper":0.00091389,"percentage":0.992259},"nq2":{"lesser":0.0192219,"mean":0.019687,"upper":0.020152,"percentage":4.72476},"jitterMean":{"lesser":0.0159989,"mean":0.0160005,"upper":0.016002,"percentage":0.0195878},"jitterVariance":{"lesser":4.62748e-06,"mean":4.69109e-06,"upper":4.75469e-06,"percentage":2.71168}}},{"t1":0.00489994,"w1":0.00184326,"x1":0.00305669,"nq1":0.185371,"t2":0.00121187,"w2":0.000955872,"x2":0.000256,"nq2":0.021547,"jitterE":0.0160028,"jitterV":4.9062e-06,"confidenceInterval":{"t1":{"lesser":0.00478862,"mean":0.00482653,"upper":0.00486443,"percentage":1.57081},"w1":{"lesser":0.00175035,"mean":0.00178433,"upper":0.00181831,"percentage":3.80901},"x1":{"lesser":0.00302783,"mean":0.00304219,"upper":0.00305656,"percentage":0.944328},"nq1":{"lesser":0.171517,"mean":0.176762,"upper":0.182007,"percentage":5.93493},"t2":{"lesser":0.00115565,"mean":0.00117468,"upper":0.0011937,"percentage":3.23932},"w2":{"lesser":0.000899651,"mean":0.000918677,"upper":0.000937703,"percentage":4.142},"nq2":{"lesser":0.0192357,"mean":0.020059,"upper":0.0208823,"percentage":8.20891},"jitterMean":{"lesser":0.0159994,"mean":0.0160009,"upper":0.0160024,"percentage":0.0185211},"jitterVariance":{"lesser":4.63571e-06,"mean":4.73411e-06,"upper":4.83252e-06,"percentage":4.15726}}},{"t1":0.00467576,"w1":0.00169603,"x1":0.00297972,"nq1":0.175194,"t2":0.00119162,"w2":0.000935621,"x2":0.000256,"nq2":0.0205061,"jitterE":0.0159987,"jitterV":4.80172e-06,"confidenceInterval":{"t1":{"lesser":0.00474417,"mean":0.0048014,"upper":0.00485862,"percentage":2.38364},"w1":{"lesser":0.00173046,"mean":0.00176962,"upper":0.00180878,"percentage":4.42579},"x1":{"lesser":0.00300861,"mean":0.00303178,"upper":0.00305496,"percentage":1.52891},"nq1":{"lesser":0.17234,"mean":0.176501,"upper":0.180661,"percentage":4.71486},"t2":{"lesser":0.00116155,"mean":0.0011775,"upper":0.00119345,"percentage":2.70959},"w2":{"lesser":0.000905548,"mean":0.000921501,"upper":0.000937454,"percentage":3.46234},"nq2":{"lesser":0.0194693,"mean":0.0201335,"upper":0.0207977,"percentage":6.59784},"jitterMean":{"lesser":0.0159992,"mean":0.0160006,"upper":0.0160019,"percentage":0.0171613},"jitterVariance":{"lesser":4.66487e-06,"mean":4.74538e-06,"upper":4.82589e-06,"percentage":3.3932}}},{"t1":0.00488762,"w1":0.00186957,"x1":0.00301805,"nq1":0.185852,"t2":0.00119638,"w2":0.000940384,"x2":0.000256,"nq2":0.0209033,"jitterE":0.0160001,"jitterV":4.86909e-06,"confidenceInterval":{"t1":{"lesser":0.00476109,"mean":0.00481372,"upper":0.00486634,"percentage":2.1866},"w1":{"lesser":0.00174177,"mean":0.00178389,"upper":0.00182602,"percentage":4.72226},"x1":{"lesser":0.00301036,"mean":0.00302982,"upper":0.00304928,"percentage":1.28471},"nq1":{"lesser":0.173574,"mean":0.177837,"upper":0.182099,"percentage":4.7942},"t2":{"lesser":0.00116609,"mean":0.0011802,"upper":0.00119431,"percentage":2.39081},"w2":{"lesser":0.00091009,"mean":0.000924198,"upper":0.000938307,"percentage":3.05306},"nq2":{"lesser":0.0196577,"mean":0.0202435,"upper":0.0208293,"percentage":5.78748},"jitterMean":{"lesser":0.0159993,"mean":0.0160005,"upper":0.0160016,"percentage":0.014238},"jitterVariance":{"lesser":4.68872e-06,"mean":4.76305e-06,"upper":4.83739e-06,"percentage":3.12129}}},{"t1":0.00466092,"w1":0.00170645,"x1":0.00295447,"nq1":0.169926,"t2":0.00115803,"w2":0.000902033,"x2":0.000256,"nq2":0.0199076,"jitterE":0.0160002,"jitterV":4.71218e-06,"confidenceInterval":{"t1":{"lesser":0.00473749,"mean":0.00479462,"upper":0.00485174,"percentage":2.38288},"w1":{"lesser":0.00173414,"mean":0.00177421,"upper":0.00181429,"percentage":4.51756},"x1":{"lesser":0.00299631,"mean":0.0030204,"upper":0.0030445,"percentage":1.59554},"nq1":{"lesser":0.172784,"mean":0.176848,"upper":0.180911,"percentage":4.59568},"t2":{"lesser":0.00116438,"mean":0.00117743,"upper":0.00119048,"percentage":2.21716},"w2":{"lesser":0.000908375,"mean":0.000921428,"upper":0.000934481,"percentage":2.83316},"nq2":{"lesser":0.0196974,"mean":0.0202015,"upper":0.0207055,"percentage":4.99002},"jitterMean":{"lesser":0.0159995,"mean":0.0160004,"upper":0.0160014,"percentage":0.0121377},"jitterVariance":{"lesser":4.69241e-06,"mean":4.75669e-06,"upper":4.82098e-06,"percentage":2.70288}}},{"t1":0.00492366,"w1":0.00187895,"x1":0.00304471,"nq1":0.191256,"t2":0.00117932,"w2":0.000923316,"x2":0.000256,"nq2":0.0198052,"jitterE":0.0160019,"jitterV":4.67337e-06,"confidenceInterval":{"t1":{"lesser":0.00475278,"mean":0.00480895,"upper":0.00486513,"percentage":2.33628},"w1":{"lesser":0.00174501,"mean":0.00178585,"upper":0.00182669,"percentage":4.57403},"x1":{"lesser":0.00300158,"mean":0.0030231,"upper":0.00304462,"percentage":1.42367},"nq1":{"lesser":0.173857,"mean":0.178449,"upper":0.18304,"percentage":5.14636},"t2":{"lesser":0.00116629,"mean":0.00117764,"upper":0.00118899,"percentage":1.92773},"w2":{"lesser":0.000910287,"mean":0.000921638,"upper":0.000932988,"percentage":2.46319},"nq2":{"lesser":0.019712,"mean":0.0201574,"upper":0.0206029,"percentage":4.41952},"jitterMean":{"lesser":0.0159997,"mean":0.0160006,"upper":0.0160015,"percentage":0.0112224},"jitterVariance":{"lesser":4.68905e-06,"mean":4.74744e-06,"upper":4.80583e-06,"percentage":2.45987}}},{"t1":0.00489577,