{"samples":50000,"simulations":[{"t1":1078.49,"w1":1078.33,"x1":0.162566,"nq1":25995.3,"t2":0.000283798,"w2":2.77983e-05,"x2":0.000256,"nq2":0.000605471,"jitterE":0.0160001,"jitterV":5.3877e-10},{"t1":0,"w1":0,"x1":0,"nq1":36410.2,"t2":0.000278699,"w2":2.26991e-05,"x2":0.000256,"nq2":0.000496295,"jitterE":0.016,"jitterV":4.98423e-10,"confidenceInterval":{"t1":{"lesser":-1035.35,"mean":539.245,"upper":2113.84,"percentage":584},"w1":{"lesser":-1035.19,"mean":539.164,"upper":2113.52,"percentage":584},"x1":{"lesser":-0.156064,"mean":0.0812832,"upper":0.31863,"percentage":584},"nq1":{"lesser":15997.1,"mean":31202.8,"upper":46408.4,"percentage":97.4636},"t2":{"lesser":0.000273804,"mean":0.000281249,"upper":0.000288694,"percentage":5.29416},"w2":{"lesser":1.78038e-05,"mean":2.52487e-05,"upper":3.26936e-05,"percentage":58.9723},"nq2":{"lesser":0.000391486,"mean":0.000550883,"upper":0.00071028,"percentage":57.8698},"jitterMean":{"lesser":0.016,"mean":0.016,"upper":0.0160001,"percentage":0.00066225},"jitterVariance":{"lesser":4.5969e-10,"mean":5.18597e-10,"upper":5.77503e-10,"percentage":22.7177}}},{"t1":0,"w1":0,"x1":0,"nq1":46682.3,"t2":0.000281187,"w2":2.51872e-05,"x2":0.000256,"nq2":0.000536991,"jitterE":0.0159999,"jitterV":5.03972e-10,"confidenceInterval":{"t1":{"lesser":-486.399,"mean":359.497,"upper":1205.39,"percentage":470.6},"w1":{"lesser":-486.326,"mean":359.442,"upper":1205.21,"percentage":470.6},"x1":{"lesser":-0.0733175,"mean":0.0541888,"upper":0.181695,"percentage":470.6},"nq1":{"lesser":22310.8,"mean":36362.6,"upper":50414.3,"percentage":77.2869},"t2":{"lesser":0.000277764,"mean":0.000281228,"upper":0.000284692,"percentage":2.46348},"w2":{"lesser":2.17642e-05,"mean":2.52282e-05,"upper":2.86922e-05,"percentage":27.4613},"nq2":{"lesser":0.000471298,"mean":0.000546252,"upper":0.000621207,"percentage":27.4432},"jitterMean":{"lesser":0.0159999,"mean":0.016,"upper":0.0160001,"percentage":0.00137418},"jitterVariance":{"lesser":4.84012e-10,"mean":5.13722e-10,"upper":5.43431e-10,"percentage":11.5664}}},{"t1":0,"w1":0,"x1":0,"nq1":57108.7,"t2":0.000278884,"w2":2.28839e-05,"x2":0.000256,"nq2":0.000486568,"jitterE":0.0160001,"jitterV":4.86321e-10,"confidenceInterval":{"t1":{"lesser":-305.213,"mean":269.622,"upper":844.457,"percentage":426.4},"w1":{"lesser":-305.167,"mean":269.582,"upper":844.33,"percentage":426.4},"x1":{"lesser":-0.0460063,"mean":0.0406416,"upper":0.12729,"percentage":426.4},"nq1":{"lesser":27289.9,"mean":41549.1,"upper":55808.3,"percentage":68.6377},"t2":{"lesser":0.000278095,"mean":0.000280642,"upper":0.000283189,"percentage":1.81507},"w2":{"lesser":2.20952e-05,"mean":2.46421e-05,"upper":2.71891e-05,"percentage":20.6713},"nq2":{"lesser":0.000473727,"mean":0.000531331,"upper":0.000588935,"percentage":21.6828},"jitterMean":{"lesser":0.0159999,"mean":0.016,"upper":0.0160001,"percentage":0.00121206},"jitterVariance":{"lesser":4.82879e-10,"mean":5.06872e-10,"upper":5.30864e-10,"percentage":9.46672}}},{"t1":0,"w1":0,"x1":0,"nq1":67464.8,"t2":0.00028175,"w2":2.57501e-05,"x2":0.000256,"nq2":0.000555689,"jitterE":0.016,"jitterV":5.03253e-10,"confidenceInterval":{"t1":{"lesser":-218.933,"mean":215.698,"upper":650.329,"percentage":403},"w1":{"lesser":-218.9,"mean":215.665,"upper":650.231,"percentage":403},"x1":{"lesser":-0.033001,"mean":0.0325133,"upper":0.0980276,"percentage":403},"nq1":{"lesser":31965.7,"mean":46732.3,"upper":61498.8,"percentage":63.1962},"t2":{"lesser":0.000278946,"mean":0.000280864,"upper":0.000282781,"percentage":1.36528},"w2":{"lesser":2.29464e-05,"mean":2.48637e-05,"upper":2.6781e-05,"percentage":15.4224},"nq2":{"lesser":0.000492904,"mean":0.000536203,"upper":0.000579501,"percentage":16.15},"jitterMean":{"lesser":0.016,"mean":0.016,"upper":0.0160001,"percentage":0.00090841},"jitterVariance":{"lesser":4.88523e-10,"mean":5.06148e-10,"upper":5.23773e-10,"percentage":6.96426}}},{"t1":0,"w1":0,"x1":0,"nq1":78219.9,"t2":0.000279302,"w2":2.33023e-05,"x2":0.000256,"nq2":0.000510734,"jitterE":0.016,"jitterV":4.63787e-10,"confidenceInterval":{"t1":{"lesser":-169.503,"mean":179.748,"upper":528.999,"percentage":388.6},"w1":{"lesser":-169.477,"mean":179.721,"upper":528.919,"percentage":388.6},"x1":{"lesser":-0.02555,"mean":0.0270944,"upper":0.0797388,"percentage":388.6},"nq1":{"lesser":36516.1,"mean":51980.2,"upper":67444.3,"percentage":59.4998},"t2":{"lesser":0.000279012,"mean":0.000280603,"upper":0.000282195,"percentage":1.13467},"w2":{"lesser":2.30115e-05,"mean":2.46035e-05,"upper":2.61955e-05,"percentage":12.9409},"nq2":{"lesser":0.000496885,"mean":0.000531958,"upper":0.000567031,"percentage":13.1865},"jitterMean":{"lesser":0.016,"mean":0.016,"upper":0.0160001,"percentage":0.000779084},"jitterVariance":{"lesser":4.79575e-10,"mean":4.99088e-10,"upper":5.186e-10,"percentage":7.81918}}},{"t1":0,"w1":0,"x1":0,"nq1":88827.2,"t2":0.000279371,"w2":2.33705e-05,"x2":0.000256,"nq2":0.000516895,"jitterE":0.016,"jitterV":4.55514e-10,"confidenceInterval":{"t1":{"lesser":-137.893,"mean":154.07,"upper":446.033,"percentage":379},"w1":{"lesser":-137.872,"mean":154.047,"upper":445.965,"percentage":379},"x1":{"lesser":-0.0207853,"mean":0.0232238,"upper":0.0672328,"percentage":379},"nq1":{"lesser":41058.3,"mean":57244.1,"upper":73429.8,"percentage":56.5499},"t2":{"lesser":0.000279073,"mean":0.000280427,"upper":0.000281781,"percentage":0.96567},"w2":{"lesser":2.30734e-05,"mean":2.44274e-05,"upper":2.57814e-05,"percentage":11.0859},"nq2":{"lesser":0.00050061,"mean":0.000529806,"upper":0.000559002,"percentage":11.0215},"jitterMean":{"lesser":0.016,"mean":0.016,"upper":0.0160001,"percentage":0.000643679},"jitterVariance":{"lesser":4.72917e-10,"mean":4.92863e-10,"upper":5.12808e-10,"percentage":8.09379}}},{"t1":0,"w1":0,"x1":0,"nq1":99045.1,"t2":0.000277157,"w2":2.11571e-05,"x2":0.000256,"nq2":0.000446653,"jitterE":0.0160001,"jitterV":4.64362e-10,"confidenceInterval":{"t1":{"lesser":-115.938,"mean":134.811,"upper":385.56,"percentage":372},"w1":{"lesser":-115.92,"mean":134.791,"upper":385.502,"percentage":372},"x1":{"lesser":-0.0174759,"mean":0.0203208,"upper":0.0581175,"percentage":372},"nq1":{"lesser":45624.4,"mean":62469.2,"upper":79314,"percentage":53.9299},"t2":{"lesser":0.000278639,"mean":0.000280019,"upper":0.000281398,"percentage":0.985231},"w2":{"lesser":2.26392e-05,"mean":2.40186e-05,"upper":2.5398e-05,"percentage":11.4862},"nq2":{"lesser":0.000487953,"mean":0.000519412,"upper":0.000550871,"percentage":12.1134},"jitterMean":{"lesser":0.016,"mean":0.016,"upper":0.0160001,"percentage":0.000580571},"jitterVariance":{"lesser":4.71097e-10,"mean":4.893e-10,"upper":5.07504e-10,"percentage":7.44056}}},{"t1":0,"w1":0,"x1":0,"nq1":109709,"t2":0.000277982,"w2":2.19815e-05,"x2":0.000256,"nq2":0.000461129,"jitterE":0.0160001,"jitterV":4.29588e-10,"confidenceInterval":{"t1":{"lesser":-99.8202,"mean":119.832,"upper":339.485,"percentage":366.6},"w1":{"lesser":-99.8052,"mean":119.814,"upper":339.433,"percentage":366.6},"x1":{"lesser":-0.0150464,"mean":0.0180629,"upper":0.0511723,"percentage":366.6},"nq1":{"lesser":50199.5,"mean":67718,"upper":85236.5,"percentage":51.7394},"t2":{"lesser":0.000278524,"mean":0.000279792,"upper":0.000281061,"percentage":0.906836},"w2":{"lesser":2.25236e-05,"mean":2.37922e-05,"upper":2.50609e-05,"percentage":10.6642},"nq2":{"lesser":0.000483129,"mean":0.000512936,"upper":0.000542743,"percentage":11.6222},"jitterMean":{"lesser":0.016,"mean":0.016,"upper":0.0160001,"percentage":0.000594552},"jitterVariance":{"lesser":4.62711e-10,"mean":4.82665e-10,"upper":5.0262e-10,"percentage":8.26863}}},{"t1":0,"w1":0,"x1":0,"nq1":120270,"t2":0.000281073,"w2":2.50733e-05,"x2":0.000256,"nq2":0.000543291,"jitterE":0.016,"jitterV":5.39994e-10,"confidenceInterval":{"t1":{"lesser":-87.5734,"mean":107.849,"upper":303.271,"percentage":362.4},"w1":{"lesser":-87.5602,"mean":107.833,"upper":303.226,"percentage":362.4},"x1":{"lesser":-0.0132004,"mean":0.0162566,"upper":0.0457137,"percentage":362.4},"nq1":{"lesser":54790.8,"mean":72973.2,"upper":91155.7,